INLINE NewClassTable,Name,Description,ID,Default Class Promoted From/To,Standing Map Anims,Move Speed,Generic Mug,N/A,HP,Atk,Skl,Spd,Def,Res,Con,Mov,HP Cap,Atk Cap,Skl Cap,Spd Cap,Def Cap,Res Cap,Con Cap,Class Relative Power,HP Growth,Atk Growth,Skl Growth,Spd Growth,Def Growth,Res Growth,Luck Growth,HP Promo Gain,Atk Promo Gain,Skl Promo Gain,Spd Promo Gain,Def Promo Gain,Res Promo Gain,CharClassAbility,CharClassAbility,CharClassAbility,CharClassAbility,Sword,Lance,Axe,Bow,Staff,Anima,Light,Dark,Battle Anims,Move Costs,Rain Move Costs,Snow Move Costs,Avo Bonus,Def Bonus,Res Bonus,Class Type
None,0x0,0x0,0x0,0x0,0x0,0x0,0x0,0x0,0,0,0,0,0,0,0,0,0,0,0,0,0,0,0,0,0,0,0,0,0,37,0,37,0,0,65,0,0,0x02,0x00,0x00,0x1,NoRank,NoRank,NoRank,NoRank,NoRank,NoRank,NoRank,NoRank,0x1f,0x0,0x231e143c,0x190f0f,0x0,0x0,0x0,0x0
BulbasaurID,BulbasaurNameText,BulbasaurDescText,0x01,0x0,BulbasaurSMS ,0x00,0x98,0x01,17,4,4,2,2,3,4,BaseMov+1,45,30,35,25,30,35,25,3,50,30,40,20,30,35,20,17,4,4,2,2,3,0x00,0x00,0x00,0x00,NoRank,NoRank,NoRank,NoRank,NoRank,NoRank,NoRank,NoRank,anim1|IsPointer,NormMov|IsPointer,NormRainMov|IsPointer,NormSnowMov|IsPointer,NormAvoBon|IsPointer,NormDefBon|IsPointer,NormResBon|IsPointer,0x0810
IvysaurID,IvysaurText,BulbasaurDescText,0x02,0x0,IvysaurSMS,0x00,0x02,0x02,20,6,6,3,3,5,10,BaseMov+2,55,40,40,35,30,40,25,4,60,45,45,25,30,45,20,3,2,2,1,1,2,0x00,0x00,0x00,0x00,NoRank,NoRank,NoRank,NoRank,NoRank,NoRank,NoRank,NoRank,anim2|IsPointer,NormMov|IsPointer,NormRainMov|IsPointer,NormSnowMov|IsPointer,NormAvoBon|IsPointer,NormDefBon|IsPointer,NormResBon|IsPointer,0x0810
VenusaurID,VenusaurNameText,BulbasaurDescText,0x03,0x0,VenusaurSMS,0x00,0x03,0x03,24,8,9,5,5,7,15,BaseMov+2,65,45,50,40,40,50,25,5,75,50,50,30,45,55,20,4,2,3,2,2,2,0x00,0x00,0x00,0x00,NoRank,NoRank,NoRank,NoRank,NoRank,NoRank,NoRank,NoRank,anim3|IsPointer,NormMov|IsPointer,NormRainMov|IsPointer,NormSnowMov|IsPointer,NormAvoBon|IsPointer,NormDefBon|IsPointer,NormResBon|IsPointer,0x0810
CharmanderID,CharmanderNameText,CharmanderDescText,0x04,0x0,CharmanderSMS,0x00,0x04,0x04,16,5,4,4,1,2,4,BaseMov+1,40,35,35,35,20,25,25,3,45,35,40,40,20,20,20,0,0,0,0,0,0,0x00,0x00,0x00,0x00,NoRank,NoRank,NoRank,NoRank,NoRank,NoRank,NoRank,NoRank,anim4|IsPointer,NormMov|IsPointer,NormRainMov|IsPointer,NormSnowMov|IsPointer,NormAvoBon|IsPointer,NormDefBon|IsPointer,NormResBon|IsPointer,0x01
CharmeleonID,CharmeleonText,CharmanderDescText,0x05,0x0,CharmeleonSMS,0x00,0x05,0x05,20,6,6,6,3,3,10,BaseMov+2,55,40,40,40,30,35,25,4,60,40,45,45,30,35,20,4,1,2,2,2,1,0x00,0x00,0x00,0x00,NoRank,NoRank,NoRank,NoRank,NoRank,NoRank,NoRank,NoRank,anim5|IsPointer,NormMov|IsPointer,NormRainMov|IsPointer,NormSnowMov|IsPointer,NormAvoBon|IsPointer,NormDefBon|IsPointer,NormResBon|IsPointer,0x01
CharizardID,CharizardNameText,CharizardDescText,0x06,0x0,CharizardSMS,0x00,0x06,0x06,23,10,9,8,4,6,15,BaseMov+3,65,50,50,50,35,45,25,5,70,55,55,50,45,50,20,3,4,3,2,1,3,0x00,0x00,0x00,0x00,NoRank,NoRank,NoRank,NoRank,NoRank,NoRank,NoRank,NoRank,anim6|IsPointer,FlierMov|IsPointer,FlierRainMov|IsPointer,FlierSnowMov|IsPointer,FlierAvoBon|IsPointer,FlierDefBon|IsPointer,FlierResBon|IsPointer,0x41
SquirtleID,SquirtleNameText,SquirtleDescText,0x07,0x0,SquirtleSMS,0x00,0x07,0x07,17,4,4,2,3,2,4,BaseMov+1,45,30,35,30,35,25,25,3,50,30,35,25,35,25,20,0,0,0,0,0,0,0x00,0x00,0x00,0x00,NoRank,NoRank,NoRank,NoRank,NoRank,NoRank,NoRank,NoRank,anim7|IsPointer,SwimmerMov|IsPointer,SwimmerRainMov|IsPointer,SwimmerSnowMov|IsPointer,SwimmerAvoBon|IsPointer,SwimmerDefBon|IsPointer,SwimmerResBon|IsPointer,0x02
WartortleID,WartortleNameText,SquirtleDescText,0x08,0x0,WartortleSMS,0x00,0x08,0x08,20,6,6,3,5,4,10,BaseMov+2,55,40,45,35,40,40,25,4,60,40,45,25,45,45,20,3,2,2,1,2,2,0x00,0x00,0x00,0x00,NoRank,NoRank,NoRank,NoRank,NoRank,NoRank,NoRank,NoRank,anim8|IsPointer,SwimmerMov|IsPointer,SwimmerRainMov|IsPointer,SwimmerSnowMov|IsPointer,SwimmerAvoBon|IsPointer,SwimmerDefBon|IsPointer,SwimmerResBon|IsPointer,0x02
BlastoiseID,BlastoiseNameText,SquirtleDescText,0x09,0x0,BlastoiseSMS,0x00,0x09,0x09,24,9,9,5,7,6,15,BaseMov+2,65,45,50,40,50,45,25,5,75,50,50,30,55,50,20,4,3,3,2,2,2,0x00,0x00,0x00,0x00,NoRank,NoRank,NoRank,NoRank,NoRank,NoRank,NoRank,NoRank,anim9|IsPointer,SwimmerMov|IsPointer,SwimmerRainMov|IsPointer,SwimmerSnowMov|IsPointer,SwimmerAvoBon|IsPointer,SwimmerDefBon|IsPointer,SwimmerResBon|IsPointer,0x02
CaterpieID,CaterpieName,CaterpieDescText,0x0A,0x0,CaterpieSMS,0x00,0x0A,0x0A,17,2,2,2,1,0,2,BaseMov+1,40,20,25,25,15,10,25,2,50,15,25,35,10,10,20,0,0,0,0,0,0,0x00,0x00,0x00,0x00,NoRank,NoRank,NoRank,NoRank,NoRank,NoRank,NoRank,NoRank,anim10|IsPointer,NormMov|IsPointer,NormRainMov|IsPointer,NormSnowMov|IsPointer,NormAvoBon|IsPointer,NormDefBon|IsPointer,NormResBon|IsPointer,0x8000
MetapodID,MetapodNameText,CaterpieDescText,0x0B,0x0,MetapodSMS,0x00,0x0B,0x0B,17,2,2,1,3,1,5,BaseMov,45,25,30,20,30,10,25,3,55,20,30,15,35,10,20,0,0,0,0,2,1,0x00,0x00,0x00,0x00,NoRank,NoRank,NoRank,NoRank,NoRank,NoRank,NoRank,NoRank,anim11|IsPointer,NormMov|IsPointer,NormRainMov|IsPointer,NormSnowMov|IsPointer,NormAvoBon|IsPointer,NormDefBon|IsPointer,NormResBon|IsPointer,0x8000
ButterfreeID,ButterfreeName,ButterfreeDescText,0x0C,0x0,ButterfreeSMS,0x00,0x0C,0x0C,19,3,5,5,2,4,8,BaseMov+2,50,25,40,40,30,35,25,4,55,30,40,40,30,40,20,2,1,3,4,0,3,0x00,0x00,0x00,0x00,NoRank,NoRank,NoRank,NoRank,NoRank,NoRank,NoRank,NoRank,anim12|IsPointer,FlierMov|IsPointer,FlierRainMov|IsPointer,FlierSnowMov|IsPointer,FlierAvoBon|IsPointer,FlierDefBon|IsPointer,FlierResBon|IsPointer,0x8040
WeedleID,WeedleName,WeedleDescText,0x0D,0x0,WeedleSMS,0x00,0x0D,0x0D,15,3,2,2,1,0,2,BaseMov+1,35,25,25,25,20,10,25,2,40,20,30,35,15,10,20,0,0,0,0,0,0,0x00,0x00,0x00,0x00,NoRank,NoRank,NoRank,NoRank,NoRank,NoRank,NoRank,NoRank,anim13|IsPointer,NormMov|IsPointer,NormRainMov|IsPointer,NormSnowMov|IsPointer,NormAvoBon|IsPointer,NormDefBon|IsPointer,NormResBon|IsPointer,0x8010
KakunaID,KakunaNameText,WeedleDescText,0x0E,0x0,KakunaSMS,0x00,0x0E,0x0E,17,4,2,2,2,0,5,BaseMov,40,30,25,25,25,10,25,3,50,30,30,35,30,10,20,2,1,0,0,1,0,0x00,0x00,0x00,0x00,NoRank,NoRank,NoRank,NoRank,NoRank,NoRank,NoRank,NoRank,anim14|IsPointer,NormMov|IsPointer,NormRainMov|IsPointer,NormSnowMov|IsPointer,NormAvoBon|IsPointer,NormDefBon|IsPointer,NormResBon|IsPointer,0x8010
BeedrillID,BeedrillNameText,WeedleDescText,0x0F,0x0,BeedrillSMS,0x00,0x0F,0x0F,20,8,6,5,2,5,9,BaseMov+3,55,40,40,40,25,40,25,4,65,45,45,45,25,45,20,3,4,4,3,0,5,0x00,0x00,0x00,0x00,NoRank,NoRank,NoRank,NoRank,NoRank,NoRank,NoRank,NoRank,anim15|IsPointer,FlierMov|IsPointer,FlierRainMov|IsPointer,FlierSnowMov|IsPointer,FlierAvoBon|IsPointer,FlierDefBon|IsPointer,FlierResBon|IsPointer,0x8010
PidgeyID,PidgeyName,PidgeyDescText,0x10,0x0,PidgeySMS,0x00,0x10,0x10,16,2,2,3,1,1,3,BaseMov+1,40,20,30,30,20,20,25,3,40,15,30,40,15,15,20,0,0,0,0,0,0,0x00,0x00,0x00,0x00,NoRank,NoRank,NoRank,NoRank,NoRank,NoRank,NoRank,NoRank,anim16|IsPointer,FlierMov|IsPointer,FlierRainMov|IsPointer,FlierSnowMov|IsPointer,FlierAvoBon|IsPointer,FlierDefBon|IsPointer,FlierResBon|IsPointer,0x0240
PidgeottoID,PidgeottoNameText,PidgeyDescText,0x11,0x0,PidgeottoSMS,0x00,0x11,0x11,19,6,5,5,2,2,7,BaseMov+2,50,35,40,40,30,25,25,4,55,40,40,45,30,25,20,3,4,3,2,1,1,0x00,0x00,0x00,0x00,NoRank,NoRank,NoRank,NoRank,NoRank,NoRank,NoRank,NoRank,anim17|IsPointer,FlierMov|IsPointer,FlierRainMov|IsPointer,FlierSnowMov|IsPointer,FlierAvoBon|IsPointer,FlierDefBon|IsPointer,FlierResBon|IsPointer,0x0240
PidgeotID,PidgeotNameText,PidgeyDescText,0x12,0x0,PidgeotSMS,0x00,0x12,0x12,23,8,8,8,4,4,12,BaseMov+3,65,45,50,50,40,35,25,5,70,50,50,50,45,40,20,4,2,3,3,2,2,0x00,0x00,0x00,0x00,NoRank,NoRank,NoRank,NoRank,NoRank,NoRank,NoRank,NoRank,anim18|IsPointer,FlierMov|IsPointer,FlierRainMov|IsPointer,FlierSnowMov|IsPointer,FlierAvoBon|IsPointer,FlierDefBon|IsPointer,FlierResBon|IsPointer,0x0240
SuspiciousWaterID,NSlashAText,NSlashAText,0x13,0x0,SuspiciousWaterSMS,0x00,0x98,0x13,16,1,1,1,1,1,25,0,35,15,20,15,15,15,25,3,45,5,25,15,10,10,20,0,0,0,0,0,0,0x00,0x00,0x00,0x00,NoRank,NoRank,NoRank,NoRank,NoRank,NoRank,NoRank,NoRank,animAnyClass|IsPointer,NormMov|IsPointer,NormRainMov|IsPointer,NormSnowMov|IsPointer,NormAvoBon|IsPointer,NormDefBon|IsPointer,NormResBon|IsPointer,0x02
KabutopsSkeletonID,NSlashAText,NSlashAText,0x14,0x0,KabutopsSkeletonSMS,0x00,0x98,0x14,16,1,1,1,1,1,5,BaseMov+3,35,15,20,15,15,15,25,3,45,5,25,15,10,10,20,0,0,0,0,0,0,0x00,0x00,0x00,0x00,NoRank,NoRank,NoRank,NoRank,NoRank,NoRank,NoRank,NoRank,animAnyClass|IsPointer,NormMov|IsPointer,NormRainMov|IsPointer,NormSnowMov|IsPointer,NormAvoBon|IsPointer,NormDefBon|IsPointer,NormResBon|IsPointer,0x00
RedID,NSlashAText,NSlashAText,0x15,0x0,RedSMS,0x01,179,0x15,16,1,1,1,1,1,1,TrainerMov+6,35,15,20,15,15,15,25,3,45,5,25,15,10,10,20,0,0,0,0,0,0,0x00,0x00,0x00,0x00,NoRank,NoRank,NoRank,NoRank,NoRank,NoRank,NoRank,NoRank,animAnyClass|IsPointer,NormMov|IsPointer,NormRainMov|IsPointer,NormSnowMov|IsPointer,NormAvoBon|IsPointer,NormDefBon|IsPointer,NormResBon|IsPointer,0x00
TeleporterID,NSlashAText,NSlashAText,0x16,0x0,TeleporterSMS,0x00,0x98,0x16,16,1,1,1,1,1,7,0,35,15,20,15,15,15,25,3,45,5,25,15,10,10,20,0,0,0,0,0,0,0x00,0x00,0x00,0x00,NoRank,NoRank,NoRank,NoRank,NoRank,NoRank,NoRank,NoRank,animAnyClass|IsPointer,NormMov|IsPointer,NormRainMov|IsPointer,NormSnowMov|IsPointer,NormAvoBon|IsPointer,NormDefBon|IsPointer,NormResBon|IsPointer,0x0200
RattataID,RattataName,RattataDescText,0x17,0x0,RattataSMS,0x00,0x13,0x17,14,3,2,3,1,2,3,BaseMov+2,30,30,30,35,20,25,25,3,30,25,35,40,15,25,20,0,2,1,2,0,1,0x00,0x00,0x00,0x00,NoRank,NoRank,NoRank,NoRank,NoRank,NoRank,NoRank,NoRank,anim19|IsPointer,NormMov|IsPointer,NormRainMov|IsPointer,NormSnowMov|IsPointer,NormAvoBon|IsPointer,NormDefBon|IsPointer,NormResBon|IsPointer,0x0200
RaticateID,RaticateNameText,RattataDescText,0x18,0x0,RaticateSMS,0x00,0x14,0x18,18,8,6,8,3,4,9,BaseMov+3,50,40,40,45,30,35,25,4,50,45,45,50,30,40,20,4,5,4,5,2,2,0x00,0x00,0x00,0x00,NoRank,NoRank,NoRank,NoRank,NoRank,NoRank,NoRank,NoRank,anim20|IsPointer,NormMov|IsPointer,NormRainMov|IsPointer,NormSnowMov|IsPointer,NormAvoBon|IsPointer,NormDefBon|IsPointer,NormResBon|IsPointer,0x0200
SpearowID,SpearowNameText,PidgeyDescText,0x19,0x0,SpearowSMS,0x00,0x15,0x19,16,5,3,3,1,1,4,BaseMov+1,40,35,30,35,15,15,25,3,40,35,35,40,15,15,20,0,0,0,0,0,0,0x00,0x00,0x00,0x00,NoRank,NoRank,NoRank,NoRank,NoRank,NoRank,NoRank,NoRank,anim21|IsPointer,FlierMov|IsPointer,FlierRainMov|IsPointer,FlierSnowMov|IsPointer,FlierAvoBon|IsPointer,FlierDefBon|IsPointer,FlierResBon|IsPointer,0x0240
FearowID,FearowNameText,PidgeyDescText,0x1A,0x0,FearowSMS,0x00,0x16,0x1A,21,9,6,8,3,3,11,BaseMov+3,60,45,45,45,35,30,25,4,65,50,45,55,35,35,20,5,4,3,5,2,2,0x00,0x00,0x00,0x00,NoRank,NoRank,NoRank,NoRank,NoRank,NoRank,NoRank,NoRank,anim22|IsPointer,FlierMov|IsPointer,FlierRainMov|IsPointer,FlierSnowMov|IsPointer,FlierAvoBon|IsPointer,FlierDefBon|IsPointer,FlierResBon|IsPointer,0x0240
EkansID,EkansNameText,EkansDescText,0x1B,0x0,EkansSMS,0x00,0x17,0x1B,16,6,3,3,1,2,6,BaseMov+1,40,35,30,30,20,30,25,3,45,40,35,35,20,25,20,0,0,0,0,0,0,0x00,0x00,0x00,0x00,NoRank,NoRank,NoRank,NoRank,NoRank,NoRank,NoRank,NoRank,anim23|IsPointer,NormMov|IsPointer,NormRainMov|IsPointer,NormSnowMov|IsPointer,NormAvoBon|IsPointer,NormDefBon|IsPointer,NormResBon|IsPointer,0x10
ArbokID,ArbokNameText,EkansDescText,0x1C,0x0,ArbokSMS,0x00,0x18,0x1C,19,10,7,6,3,4,13,BaseMov+2,50,45,45,45,30,40,25,4,55,50,45,45,35,40,20,3,4,4,3,2,2,0x00,0x00,0x00,0x00,NoRank,NoRank,NoRank,NoRank,NoRank,NoRank,NoRank,NoRank,anim24|IsPointer,NormMov|IsPointer,NormRainMov|IsPointer,NormSnowMov|IsPointer,NormAvoBon|IsPointer,NormDefBon|IsPointer,NormResBon|IsPointer,0x10
PikachuID,PikachuNameText,PikachuDescText,0x1D,0x0,PikachuSMS,0x00,0x19,0x1D,17,4,3,5,0,2,4,BaseMov+1,45,30,35,40,10,25,25,3,50,30,35,45,10,20,20,0,0,0,0,0,0,0x00,0x00,0x00,0x00,NoRank,NoRank,NoRank,NoRank,NoRank,NoRank,NoRank,NoRank,anim25|IsPointer,NormMov|IsPointer,NormRainMov|IsPointer,NormSnowMov|IsPointer,NormAvoBon|IsPointer,NormDefBon|IsPointer,NormResBon|IsPointer,0x04
RaichuID,RaichuNameText,PikachuDescText,0x1E,0x0,RaichuSMS,0x00,0x1A,0x1E,19,8,7,10,2,4,8,BaseMov+2,50,45,45,50,25,40,25,4,55,45,45,55,30,45,20,2,4,4,5,2,2,0x00,0x00,0x00,0x00,NoRank,NoRank,NoRank,NoRank,NoRank,NoRank,NoRank,NoRank,anim26|IsPointer,NormMov|IsPointer,NormRainMov|IsPointer,NormSnowMov|IsPointer,NormAvoBon|IsPointer,NormDefBon|IsPointer,NormResBon|IsPointer,0x04
SandshrewID,SandshrewNameText,SandshrewDescText,0x1F,0x0,SandshrewSMS,0x00,0x1B,0x1F,18,6,3,1,5,0,6,BaseMov+1,50,35,35,15,40,10,25,3,55,40,35,10,45,10,20,0,0,0,0,3,0,0x00,0x00,0x00,0x00,NoRank,NoRank,NoRank,NoRank,NoRank,NoRank,NoRank,NoRank,anim27|IsPointer,NormMov|IsPointer,NormRainMov|IsPointer,NormSnowMov|IsPointer,NormAvoBon|IsPointer,NormDefBon|IsPointer,NormResBon|IsPointer,0x20
SandslashID,SandslashNameText,SandshrewDescText,0x20,0x0,SandslashSMS,0x00,0x1C,0x20,23,11,7,3,10,2,11,BaseMov+2,65,45,45,30,50,25,25,4,70,55,45,25,55,30,20,5,5,4,2,5,2,0x00,0x00,0x00,0x00,NoRank,NoRank,NoRank,NoRank,NoRank,NoRank,NoRank,NoRank,anim28|IsPointer,NormMov|IsPointer,NormRainMov|IsPointer,NormSnowMov|IsPointer,NormAvoBon|IsPointer,NormDefBon|IsPointer,NormResBon|IsPointer,0x20
NidoranFID,NidoranFNameText,EkansDescText,0x21,0x0,NidoranFSMS,0x00,0x1D,0x21,18,4,3,2,2,1,4,BaseMov+1,50,30,30,25,25,20,25,3,55,30,35,20,25,20,20,0,0,0,0,0,0,0x00,0x00,0x00,0x00,NoRank,NoRank,NoRank,NoRank,NoRank,NoRank,NoRank,NoRank,anim29|IsPointer,NormMov|IsPointer,NormRainMov|IsPointer,NormSnowMov|IsPointer,NormAvoBon|IsPointer,NormDefBon|IsPointer,NormResBon|IsPointer,0x10
NidorinaID,NidorinaNameText,EkansDescText,0x22,0x0,NidorinaSMS,0x00,0x1E,0x22,21,6,5,3,3,2,9,BaseMov+2,60,35,40,35,35,30,25,4,70,40,40,25,35,30,20,3,2,2,1,1,1,0x00,0x00,0x00,0x00,NoRank,NoRank,NoRank,NoRank,NoRank,NoRank,NoRank,NoRank,anim30|IsPointer,NormMov|IsPointer,NormRainMov|IsPointer,NormSnowMov|IsPointer,NormAvoBon|IsPointer,NormDefBon|IsPointer,NormResBon|IsPointer,0x10
NidoqueenID,NidoqueenNameText,NidoqueenDescText,0x23,0x0,NidoqueenSMS,0x00,0x1F,0x23,26,10,8,5,5,5,17,BaseMov+2,75,45,50,40,45,40,25,5,85,50,50,30,45,45,20,5,4,3,2,2,3,0x00,0x00,0x00,0x00,NoRank,NoRank,NoRank,NoRank,NoRank,NoRank,NoRank,NoRank,anim31|IsPointer,NormMov|IsPointer,NormRainMov|IsPointer,NormSnowMov|IsPointer,NormAvoBon|IsPointer,NormDefBon|IsPointer,NormResBon|IsPointer,0x30
NidoranMID,NidoranMNameText,EkansDescText,0x24,0x0,NidoranMSMS,0x00,0x20,0x24,17,5,3,2,1,1,4,BaseMov+1,45,35,30,30,20,20,25,3,45,35,35,25,20,15,20,0,0,0,0,0,0,0x00,0x00,0x00,0x00,NoRank,NoRank,NoRank,NoRank,NoRank,NoRank,NoRank,NoRank,anim32|IsPointer,NormMov|IsPointer,NormRainMov|IsPointer,NormSnowMov|IsPointer,NormAvoBon|IsPointer,NormDefBon|IsPointer,NormResBon|IsPointer,0x10
NidorinoID,NidorinoNameText,EkansDescText,0x25,0x0,NidorinoSMS,0x00,0x21,0x25,19,7,4,3,3,2,10,BaseMov+2,55,40,35,35,30,25,25,4,60,45,40,30,30,25,20,2,2,1,1,2,1,0x00,0x00,0x00,0x00,NoRank,NoRank,NoRank,NoRank,NoRank,NoRank,NoRank,NoRank,anim33|IsPointer,NormMov|IsPointer,NormRainMov|IsPointer,NormSnowMov|IsPointer,NormAvoBon|IsPointer,NormDefBon|IsPointer,NormResBon|IsPointer,0x10
NidokingID,NidokingNameText,NidoqueenDescText,0x26,0x0,NidokingSMS,0x00,0x22,0x26,24,11,8,6,4,4,19,BaseMov+2,70,45,45,45,35,35,25,5,75,55,50,35,40,40,20,5,4,4,3,1,2,0x00,0x00,0x00,0x00,NoRank,NoRank,NoRank,NoRank,NoRank,NoRank,NoRank,NoRank,anim34|IsPointer,NormMov|IsPointer,NormRainMov|IsPointer,NormSnowMov|IsPointer,NormAvoBon|IsPointer,NormDefBon|IsPointer,NormResBon|IsPointer,0x30
ClefairyID,ClefairyNameText,RattataDescText,0x27,0x0,ClefairySMS,0x00,0x23,0x27,21,3,4,2,2,3,4,BaseMov+1,60,25,35,30,25,35,25,3,70,25,40,25,25,35,20,0,0,0,0,0,0,0x00,0x00,0x00,0x00,NoRank,NoRank,NoRank,NoRank,NoRank,NoRank,NoRank,NoRank,anim35|IsPointer,NormMov|IsPointer,NormRainMov|IsPointer,NormSnowMov|IsPointer,NormAvoBon|IsPointer,NormDefBon|IsPointer,NormResBon|IsPointer,0x0200
ClefableID,ClefableNameText,RattataDescText,0x28,0x0,ClefableSMS,0x00,0x24,0x28,26,5,7,4,4,6,9,BaseMov+2,70,30,45,35,40,45,25,4,90,35,45,25,40,45,20,5,2,3,2,2,3,0x00,0x00,0x00,0x00,NoRank,NoRank,NoRank,NoRank,NoRank,NoRank,NoRank,NoRank,anim36|IsPointer,NormMov|IsPointer,NormRainMov|IsPointer,NormSnowMov|IsPointer,NormAvoBon|IsPointer,NormDefBon|IsPointer,NormResBon|IsPointer,0x0200
VulpixID,VulpixNameText,CharmanderDescText,0x29,0x0,VulpixSMS,0x00,0x25,0x29,16,2,3,4,1,2,3,BaseMov+1,40,25,35,35,15,30,25,3,40,20,35,45,15,30,20,0,0,0,0,0,0,0x00,0x00,0x00,0x00,NoRank,NoRank,NoRank,NoRank,NoRank,NoRank,NoRank,NoRank,anim37|IsPointer,NormMov|IsPointer,NormRainMov|IsPointer,NormSnowMov|IsPointer,NormAvoBon|IsPointer,NormDefBon|IsPointer,NormResBon|IsPointer,0x01
NinetalesID,NinetalesNameText,CharmanderDescText,0x2A,0x0,NinetalesSMS,0x00,0x26,0x2A,22,6,8,8,4,7,10,BaseMov+2,60,35,50,50,35,45,25,4,65,40,50,50,40,50,20,6,4,5,4,3,5,0x00,0x00,0x00,0x00,NoRank,NoRank,NoRank,NoRank,NoRank,NoRank,NoRank,NoRank,anim38|IsPointer,NormMov|IsPointer,NormRainMov|IsPointer,NormSnowMov|IsPointer,NormAvoBon|IsPointer,NormDefBon|IsPointer,NormResBon|IsPointer,0x01
JigglypuffID,JigglypuffNameText,RattataDescText,0x2B,0x0,JigglypuffSMS,0x00,0x27,0x2B,21,3,3,2,1,2,4,BaseMov+1,55,30,35,30,15,25,25,3,75,25,35,20,15,20,20,0,0,0,0,0,0,0x00,0x00,0x00,0x00,NoRank,NoRank,NoRank,NoRank,NoRank,NoRank,NoRank,NoRank,anim39|IsPointer,NormMov|IsPointer,NormRainMov|IsPointer,NormSnowMov|IsPointer,NormAvoBon|IsPointer,NormDefBon|IsPointer,NormResBon|IsPointer,0x0200
WigglytuffID,WigglytuffNameText,RattataDescText,0x2C,0x0,WigglytuffSMS,0x00,0x28,0x2C,29,7,6,2,2,4,9,BaseMov+2,75,40,45,20,25,40,25,4,100,45,45,10,30,40,20,8,4,3,0,1,2,0x00,0x00,0x00,0x00,NoRank,NoRank,NoRank,NoRank,NoRank,NoRank,NoRank,NoRank,anim40|IsPointer,NormMov|IsPointer,NormRainMov|IsPointer,NormSnowMov|IsPointer,NormAvoBon|IsPointer,NormDefBon|IsPointer,NormResBon|IsPointer,0x0200
ZubatID,ZubatNameText,ZubatDescText,0x2D,0x0,ZubatSMS,0x00,0x29,0x2D,18,5,3,5,1,1,3,BaseMov+1,50,35,35,40,15,15,25,3,55,35,35,45,15,15,20,0,0,0,3,0,0,0x00,0x00,0x00,0x00,NoRank,NoRank,NoRank,NoRank,NoRank,NoRank,NoRank,NoRank,anim41|IsPointer,FlierMov|IsPointer,FlierRainMov|IsPointer,FlierSnowMov|IsPointer,FlierAvoBon|IsPointer,FlierDefBon|IsPointer,FlierResBon|IsPointer,0x50
GolbatID,GolbatNameText,ZubatDescText,0x2E,0x0,GolbatSMS,0x00,0x2A,0x2E,20,7,7,7,4,4,8,BaseMov+2,55,40,45,45,35,35,25,4,60,45,45,50,40,40,20,2,2,4,2,3,3,0x00,0x00,0x00,0x00,NoRank,NoRank,NoRank,NoRank,NoRank,NoRank,NoRank,NoRank,anim42|IsPointer,FlierMov|IsPointer,FlierRainMov|IsPointer,FlierSnowMov|IsPointer,FlierAvoBon|IsPointer,FlierDefBon|IsPointer,FlierResBon|IsPointer,0x50
OddishID,OddishNameText,BulbasaurDescText,0x2F,0x0,OddishSMS,0x00,0x2B,0x2F,19,3,3,1,2,2,3,BaseMov+1,50,30,35,15,30,30,25,3,60,25,35,10,25,30,20,0,0,0,0,0,0,0x00,0x00,0x00,0x00,NoRank,NoRank,NoRank,NoRank,NoRank,NoRank,NoRank,NoRank,anim43|IsPointer,NormMov|IsPointer,NormRainMov|IsPointer,NormSnowMov|IsPointer,NormAvoBon|IsPointer,NormDefBon|IsPointer,NormResBon|IsPointer,0x0810
GloomID,GloomNameText,BulbasaurDescText,0x30,0x0,GloomSMS,0x00,0x2C,0x30,21,5,5,1,3,4,7,BaseMov+2,60,35,40,15,35,35,25,4,70,35,40,10,35,40,20,2,2,2,0,1,2,0x00,0x00,0x00,0x00,NoRank,NoRank,NoRank,NoRank,NoRank,NoRank,NoRank,NoRank,anim44|IsPointer,NormMov|IsPointer,NormRainMov|IsPointer,NormSnowMov|IsPointer,NormAvoBon|IsPointer,NormDefBon|IsPointer,NormResBon|IsPointer,0x0810
VileplumeID,VileplumeNameText,BulbasaurDescText,0x31,0x0,VileplumeSMS,0x00,0x2D,0x31,25,7,8,2,5,6,11,BaseMov+2,70,40,45,20,40,45,25,5,80,45,50,15,45,45,20,4,2,3,1,2,2,0x00,0x00,0x00,0x00,NoRank,NoRank,NoRank,NoRank,NoRank,NoRank,NoRank,NoRank,anim45|IsPointer,NormMov|IsPointer,NormRainMov|IsPointer,NormSnowMov|IsPointer,NormAvoBon|IsPointer,NormDefBon|IsPointer,NormResBon|IsPointer,0x0810
ParasID,ParasNameText,ParasDescText,0x32,0x0,ParasSMS,0x00,0x2E,0x32,17,6,4,0,2,2,3,BaseMov+1,45,35,35,10,30,30,25,3,50,40,40,5,25,25,20,0,0,0,0,0,0,0x00,0x00,0x00,0x00,NoRank,NoRank,NoRank,NoRank,NoRank,NoRank,NoRank,NoRank,anim46|IsPointer,NormMov|IsPointer,NormRainMov|IsPointer,NormSnowMov|IsPointer,NormAvoBon|IsPointer,NormDefBon|IsPointer,NormResBon|IsPointer,0x8800
ParasectID,ParasectNameText,ParasDescText,0x33,0x0,ParasectSMS,0x00,0x2F,0x33,21,10,6,1,4,4,10,BaseMov+2,60,45,40,10,40,40,25,4,65,50,45,5,45,45,20,4,4,2,1,2,2,0x00,0x00,0x00,0x00,NoRank,NoRank,NoRank,NoRank,NoRank,NoRank,NoRank,NoRank,anim47|IsPointer,NormMov|IsPointer,NormRainMov|IsPointer,NormSnowMov|IsPointer,NormAvoBon|IsPointer,NormDefBon|IsPointer,NormResBon|IsPointer,0x8800
GorgonEggID,GorgonEggNameText,GorgonEggDescText,0x34,0x0,AerodactylSkeletonSMS,0x00,0x30,0x34,15,0,1,0,0,0,6,0,35,10,15,10,10,10,25,3,40,5,20,5,5,5,20,0,0,0,0,0,0,0x00,0x00,0x00,0x00,NoRank,NoRank,NoRank,NoRank,NoRank,NoRank,NoRank,NoRank,animAnyClass|IsPointer,NormMov|IsPointer,NormRainMov|IsPointer,NormSnowMov|IsPointer,0x00,NormDefBon|IsPointer,NormResBon|IsPointer,0x00
VenonatID,VenonatNameText,VenonatDescText,0x35,0x0,VenonatSMS,0x00,0x30,0x35,18,5,4,3,2,2,4,BaseMov+1,50,35,35,35,20,25,25,3,55,35,40,35,20,25,20,3,5,3,3,2,2,0x00,0x00,0x00,0x00,NoRank,NoRank,NoRank,NoRank,NoRank,NoRank,NoRank,NoRank,anim48|IsPointer,NormMov|IsPointer,NormRainMov|IsPointer,NormSnowMov|IsPointer,NormAvoBon|IsPointer,NormDefBon|IsPointer,NormResBon|IsPointer,0x8010
VenomothID,VenomothNameText,VenonatDescText,0x36,0x0,VenomothSMS,0x00,0x31,0x36,21,6,7,6,3,5,9,BaseMov+2,60,40,45,45,30,40,25,4,65,45,45,45,30,45,20,3,1,3,3,1,3,0x00,0x00,0x00,0x00,NoRank,NoRank,NoRank,NoRank,NoRank,NoRank,NoRank,NoRank,anim49|IsPointer,FlierMov|IsPointer,FlierRainMov|IsPointer,FlierSnowMov|IsPointer,FlierAvoBon|IsPointer,FlierDefBon|IsPointer,FlierResBon|IsPointer,0x8010
DiglettID,DiglettNameText,SandshrewDescText,0x37,0x0,DiglettSMS,0x00,0x32,0x37,16,6,3,5,0,2,3,BaseMov+1,40,35,35,40,10,25,25,3,45,40,35,45,10,20,20,0,0,0,0,0,0,0x00,0x00,0x00,0x00,NoRank,NoRank,NoRank,NoRank,NoRank,NoRank,NoRank,NoRank,anim50|IsPointer,NormMov|IsPointer,NormRainMov|IsPointer,NormSnowMov|IsPointer,NormAvoBon|IsPointer,NormDefBon|IsPointer,NormResBon|IsPointer,0x20
DugtrioID,DugtrioNameText,SandshrewDescText,0x38,0x0,DugtrioSMS,0x00,0x33,0x38,19,10,7,9,2,4,8,BaseMov+2,50,45,45,50,25,40,25,4,55,50,45,55,25,40,20,3,4,4,4,2,2,0x00,0x00,0x00,0x00,NoRank,NoRank,NoRank,NoRank,NoRank,NoRank,NoRank,NoRank,anim51|IsPointer,NormMov|IsPointer,NormRainMov|IsPointer,NormSnowMov|IsPointer,NormAvoBon|IsPointer,NormDefBon|IsPointer,NormResBon|IsPointer,0x20
MeowthID,MeowthName,RattataDescText,0x39,0x0,MeowthSMS,0x00,0x34,0x39,15,7,4,5,1,1,4,BaseMov+1,35,35,35,40,15,20,25,3,40,40,40,45,15,20,150,0,0,0,0,0,0,0x00,0x00,0x00,0x00,NoRank,NoRank,NoRank,NoRank,NoRank,NoRank,NoRank,NoRank,anim52|IsPointer,NormMov|IsPointer,NormRainMov|IsPointer,NormSnowMov|IsPointer,NormAvoBon|IsPointer,NormDefBon|IsPointer,NormResBon|IsPointer,0x0200
PersianID,PersianNameText,RattataDescText,0x3A,0x0,PersianSMS,0x00,0x35,0x3A,20,9,7,9,3,3,9,BaseMov+2,55,45,45,50,30,35,25,4,60,50,45,55,30,35,150,5,2,3,4,2,2,0x00,0x00,0x00,0x00,NoRank,NoRank,NoRank,NoRank,NoRank,NoRank,NoRank,NoRank,anim53|IsPointer,NormMov|IsPointer,NormRainMov|IsPointer,NormSnowMov|IsPointer,NormAvoBon|IsPointer,NormDefBon|IsPointer,NormResBon|IsPointer,0x0200
PsyduckID,PsyduckNameText,SquirtleDescText,0x3B,0x0,PsyduckSMS,0x00,0x36,0x3B,18,4,4,3,2,2,4,BaseMov+1,50,35,35,35,30,30,25,3,55,30,40,30,25,30,20,0,0,0,0,0,0,0x00,0x00,0x00,0x00,NoRank,NoRank,NoRank,NoRank,NoRank,NoRank,NoRank,NoRank,anim54|IsPointer,SwimmerMov|IsPointer,SwimmerRainMov|IsPointer,SwimmerSnowMov|IsPointer,SwimmerAvoBon|IsPointer,SwimmerDefBon|IsPointer,SwimmerResBon|IsPointer,0x02
GolduckID,GolduckNameText,SquirtleDescText,0x3C,0x0,GolduckSMS,0x00,0x37,0x3C,23,8,8,6,5,5,10,BaseMov+2,65,40,45,45,40,40,25,4,70,45,50,35,45,45,20,5,4,4,3,3,3,0x00,0x00,0x00,0x00,NoRank,NoRank,NoRank,NoRank,NoRank,NoRank,NoRank,NoRank,anim55|IsPointer,SwimmerMov|IsPointer,SwimmerRainMov|IsPointer,SwimmerSnowMov|IsPointer,SwimmerAvoBon|IsPointer,SwimmerDefBon|IsPointer,SwimmerResBon|IsPointer,0x02
MankeyID,MankeyNameText,MankeyDescText,0x3D,0x0,MankeySMS,0x00,0x38,0x3D,17,5,3,3,1,2,5,BaseMov+1,45,30,30,30,20,25,25,3,50,35,35,40,15,25,20,0,0,0,0,0,0,0x00,0x00,0x00,0x00,NoRank,NoRank,NoRank,NoRank,NoRank,NoRank,NoRank,NoRank,anim56|IsPointer,NormMov|IsPointer,NormRainMov|IsPointer,NormSnowMov|IsPointer,NormAvoBon|IsPointer,NormDefBon|IsPointer,NormResBon|IsPointer,0x08
PrimeapeID,PrimeapeNameText,MankeyDescText,0x3E,0x0,PrimeapeSMS,0x00,0x39,0x3E,20,13,7,7,3,4,17,BaseMov+2,55,45,45,45,30,35,25,4,60,55,45,50,30,40,20,3,8,4,4,2,2,0x00,0x00,0x00,0x00,NoRank,NoRank,NoRank,NoRank,NoRank,NoRank,NoRank,NoRank,anim57|IsPointer,NormMov|IsPointer,NormRainMov|IsPointer,NormSnowMov|IsPointer,NormAvoBon|IsPointer,NormDefBon|IsPointer,NormResBon|IsPointer,0x08
GrowlitheID,GrowlitheNameText,CharmanderDescText,0x3F,0x0,GrowlitheSMS,0x00,0x3A,0x3F,18,6,4,3,2,2,4,BaseMov+1,50,35,35,35,25,25,25,3,55,40,40,35,20,25,20,0,0,0,0,0,0,0x00,0x00,0x00,0x00,NoRank,NoRank,NoRank,NoRank,NoRank,NoRank,NoRank,NoRank,anim58|IsPointer,NormMov|IsPointer,NormRainMov|IsPointer,NormSnowMov|IsPointer,NormAvoBon|IsPointer,NormDefBon|IsPointer,NormResBon|IsPointer,0x01
ArcanineID,ArcanineNameText,CharmanderDescText,0x40,0x0,ArcanineSMS,0x00,0x3B,0x40,26,14,10,7,5,5,12,BaseMov+2,75,55,55,50,40,40,25,4,85,65,55,40,50,50,20,8,8,6,4,3,3,0x00,0x00,0x00,0x00,NoRank,NoRank,NoRank,NoRank,NoRank,NoRank,NoRank,NoRank,anim59|IsPointer,NormMov|IsPointer,NormRainMov|IsPointer,NormSnowMov|IsPointer,NormAvoBon|IsPointer,NormDefBon|IsPointer,NormResBon|IsPointer,0x01
PoliwagID,PoliwagNameText,SquirtleDescText,0x41,0x0,PoliwagSMS,0x00,0x3C,0x41,15,6,3,5,1,1,4,BaseMov+1,35,35,35,35,20,20,25,3,40,40,35,45,20,20,20,0,0,0,0,0,0,0x00,0x00,0x00,0x00,NoRank,NoRank,NoRank,NoRank,NoRank,NoRank,NoRank,NoRank,anim60|IsPointer,SwimmerMov|IsPointer,SwimmerRainMov|IsPointer,SwimmerSnowMov|IsPointer,SwimmerAvoBon|IsPointer,SwimmerDefBon|IsPointer,SwimmerResBon|IsPointer,0x02
PoliwhirlID,PoliwhirlNameText,SquirtleDescText,0x42,0x0,PoliwhirlSMS,0x00,0x3D,0x42,20,7,5,5,3,2,12,BaseMov+2,55,40,40,40,35,25,25,4,60,45,40,40,35,25,20,5,1,2,0,2,1,0x00,0x00,0x00,0x00,NoRank,NoRank,NoRank,NoRank,NoRank,NoRank,NoRank,NoRank,anim61|IsPointer,SwimmerMov|IsPointer,SwimmerRainMov|IsPointer,SwimmerSnowMov|IsPointer,SwimmerAvoBon|IsPointer,SwimmerDefBon|IsPointer,SwimmerResBon|IsPointer,0x02
PoliwrathID,PoliwrathNameText,PoliwrathDescText,0x43,0x0,PoliwrathSMS,0x00,0x3E,0x43,26,13,9,5,6,5,21,BaseMov+2,75,50,50,40,45,40,25,5,85,60,55,30,50,45,20,6,6,4,0,3,3,0x00,0x00,0x00,0x00,NoRank,NoRank,NoRank,NoRank,NoRank,NoRank,NoRank,NoRank,anim62|IsPointer,SwimmerMov|IsPointer,SwimmerRainMov|IsPointer,SwimmerSnowMov|IsPointer,SwimmerAvoBon|IsPointer,SwimmerDefBon|IsPointer,SwimmerResBon|IsPointer,0x0A
AbraID,AbraNameText,AbraDescText,0x44,0x0,AbraSMS,0x00,0x3F,0x44,15,1,3,5,0,5,4,BaseMov+1,35,15,35,40,10,35,25,3,35,15,35,45,5,45,20,0,0,0,0,0,0,0x00,0x00,0x00,0x00,NoRank,NoRank,NoRank,NoRank,NoRank,NoRank,NoRank,NoRank,anim63|IsPointer,NormMov|IsPointer,NormRainMov|IsPointer,NormSnowMov|IsPointer,NormAvoBon|IsPointer,NormDefBon|IsPointer,NormResBon|IsPointer,0x4000
KadabraID,KadabraNameText,AbraDescText,0x45,0x0,KadabraSMS,0x00,0x40,0x45,17,3,5,7,1,5,8,BaseMov+2,45,25,40,45,10,40,25,4,45,25,40,50,15,45,20,2,2,2,2,1,0,0x00,0x00,0x00,0x00,NoRank,NoRank,NoRank,NoRank,NoRank,NoRank,NoRank,NoRank,anim64|IsPointer,NormMov|IsPointer,NormRainMov|IsPointer,NormSnowMov|IsPointer,NormAvoBon|IsPointer,NormDefBon|IsPointer,NormResBon|IsPointer,0x4000
AlakazamID,AlakazamNameText,AbraDescText,0x46,0x0,AlakazamSMS,0x00,0x41,0x46,20,5,8,11,2,7,11,BaseMov+2,55,30,45,50,20,45,25,5,60,35,50,60,20,50,20,3,2,3,4,1,2,0x00,0x00,0x00,0x00,NoRank,NoRank,NoRank,NoRank,NoRank,NoRank,NoRank,NoRank,anim65|IsPointer,NormMov|IsPointer,NormRainMov|IsPointer,NormSnowMov|IsPointer,NormAvoBon|IsPointer,NormDefBon|IsPointer,NormResBon|IsPointer,0x4000
MachopID,MachopNameText,MankeyDescText,0x47,0x0,MachopSMS,0x00,0x42,0x47,21,7,4,2,3,1,9,BaseMov+1,60,40,35,25,30,15,25,3,75,45,40,20,35,15,20,1,2,0,0,1,0,0x00,0x00,0x00,0x00,NoRank,NoRank,NoRank,NoRank,NoRank,NoRank,NoRank,NoRank,anim66|IsPointer,NormMov|IsPointer,NormRainMov|IsPointer,NormSnowMov|IsPointer,NormAvoBon|IsPointer,NormDefBon|IsPointer,NormResBon|IsPointer,0x08
MachokeID,MachokeNameText,MankeyDescText,0x48,0x0,MachokeSMS,0x00,0x43,0x48,24,11,6,2,5,3,13,BaseMov+2,65,45,40,25,40,30,25,4,80,55,45,20,45,30,20,3,4,2,0,2,2,0x00,0x00,0x00,0x00,NoRank,NoRank,NoRank,NoRank,NoRank,NoRank,NoRank,NoRank,anim67|IsPointer,NormMov|IsPointer,NormRainMov|IsPointer,NormSnowMov|IsPointer,NormAvoBon|IsPointer,NormDefBon|IsPointer,NormResBon|IsPointer,0x08
MachampID,MachampNameText,MankeyDescText,0x49,0x0,MachampSMS,0x00,0x44,0x49,26,18,10,3,6,6,21,BaseMov+2,75,60,50,30,45,45,25,5,85,70,55,20,50,50,20,2,7,4,1,1,3,0x00,0x00,0x00,0x00,NoRank,NoRank,NoRank,NoRank,NoRank,NoRank,NoRank,NoRank,anim68|IsPointer,NormMov|IsPointer,NormRainMov|IsPointer,NormSnowMov|IsPointer,NormAvoBon|IsPointer,NormDefBon|IsPointer,NormResBon|IsPointer,0x08
BellsproutID,BellsproutNameText,BulbasaurDescText,0x4A,0x0,BellsproutSMS,0x00,0x45,0x4A,17,6,3,3,1,1,4,BaseMov+1,45,35,35,35,20,15,25,3,50,45,35,35,20,15,20,0,0,0,0,0,0,0x00,0x00,0x00,0x00,NoRank,NoRank,NoRank,NoRank,NoRank,NoRank,NoRank,NoRank,anim69|IsPointer,NormMov|IsPointer,NormRainMov|IsPointer,NormSnowMov|IsPointer,NormAvoBon|IsPointer,NormDefBon|IsPointer,NormResBon|IsPointer,0x0810
WeepinbellID,WeepinbellNameText,BulbasaurDescText,0x4B,0x0,WeepinbellSMS,0x00,0x46,0x4B,19,9,5,5,2,2,8,BaseMov+2,50,40,40,40,25,20,25,4,55,50,40,35,25,20,20,2,3,2,2,1,1,0x00,0x00,0x00,0x00,NoRank,NoRank,NoRank,NoRank,NoRank,NoRank,NoRank,NoRank,anim70|IsPointer,NormMov|IsPointer,NormRainMov|IsPointer,NormSnowMov|IsPointer,NormAvoBon|IsPointer,NormDefBon|IsPointer,NormResBon|IsPointer,0x0810
VictreebelID,VictreebelNameText,BulbasaurDescText,0x4C,0x0,VictreebelSMS,0x00,0x47,0x4C,23,13,8,6,3,4,12,BaseMov+2,65,50,45,45,30,35,25,5,70,55,50,35,35,40,20,4,4,3,1,1,2,0x00,0x00,0x00,0x00,NoRank,NoRank,NoRank,NoRank,NoRank,NoRank,NoRank,NoRank,anim71|IsPointer,NormMov|IsPointer,NormRainMov|IsPointer,NormSnowMov|IsPointer,NormAvoBon|IsPointer,NormDefBon|IsPointer,NormResBon|IsPointer,0x0810
TentacoolID,TentacoolNameText,TentacoolDescText,0x4D,0x0,TentacoolSMS,0x00,0x48,0x4D,19,3,4,5,1,3,4,BaseMov+1,50,25,35,35,15,35,25,3,60,25,40,45,15,35,20,0,0,0,0,0,0,0x00,0x00,0x00,0x00,NoRank,NoRank,NoRank,NoRank,NoRank,NoRank,NoRank,NoRank,anim72|IsPointer,SwimmerMov|IsPointer,SwimmerRainMov|IsPointer,SwimmerSnowMov|IsPointer,SwimmerAvoBon|IsPointer,SwimmerDefBon|IsPointer,SwimmerResBon|IsPointer,0x12
TentacruelID,TentacruelNameText,TentacoolDescText,0x4E,0x0,TentacruelSMS,0x00,0x49,0x4E,26,6,9,8,2,10,13,BaseMov+2,75,35,50,50,25,50,25,4,85,45,55,50,30,60,20,7,3,5,3,1,7,0x00,0x00,0x00,0x00,NoRank,NoRank,NoRank,NoRank,NoRank,NoRank,NoRank,NoRank,anim73|IsPointer,SwimmerMov|IsPointer,SwimmerRainMov|IsPointer,SwimmerSnowMov|IsPointer,SwimmerAvoBon|IsPointer,SwimmerDefBon|IsPointer,SwimmerResBon|IsPointer,0x12
GeodudeID,GeodudeNameText,GeodudeDescText,0x4F,0x0,GeodudeSMS,0x00,0x4A,0x4F,20,6,3,1,4,1,8,BaseMov+1,55,35,30,15,35,15,25,3,70,40,35,10,45,15,20,0,0,0,0,2,0,0x00,0x00,0x00,0x00,NoRank,NoRank,NoRank,NoRank,NoRank,NoRank,NoRank,NoRank,anim74|IsPointer,NormMov|IsPointer,NormRainMov|IsPointer,NormSnowMov|IsPointer,NormAvoBon|IsPointer,NormDefBon|IsPointer,NormResBon|IsPointer,0xA0
GravellerID,GravellerNameText,GeodudeDescText,0x50,0x0,GravellerSMS,0x00,0x4B,0x50,21,9,5,2,7,2,11,BaseMov+2,60,40,40,20,45,20,25,4,70,50,40,15,50,20,20,1,3,2,1,3,1,0x00,0x00,0x00,0x00,NoRank,NoRank,NoRank,NoRank,NoRank,NoRank,NoRank,NoRank,anim75|IsPointer,NormMov|IsPointer,NormRainMov|IsPointer,NormSnowMov|IsPointer,NormAvoBon|IsPointer,NormDefBon|IsPointer,NormResBon|IsPointer,0xA0
PhantomID,PhantomNameText,PhantomDescText,0x51,0x0,PhantomSMS,0x00,1,0x51,16,1,1,1,1,1,11,BaseMov+1,35,15,20,15,15,15,25,3,45,5,25,15,10,10,20,0,0,0,0,0,0,0x00,0x00,0x00,0x00,NoRank,NoRank,NoRank,NoRank,NoRank,NoRank,NoRank,NoRank,animAnyClass|IsPointer,NormMov|IsPointer,NormRainMov|IsPointer,NormSnowMov|IsPointer,NormAvoBon|IsPointer,NormDefBon|IsPointer,NormResBon|IsPointer,0x00
GolemID,GolemNameText,GeodudeDescText,0x52,0x0,GolemSMS,0x00,0x4C,0x52,28,15,8,3,10,3,15,BaseMov+2,75,50,45,30,50,30,25,5,90,60,50,20,60,35,20,7,6,3,1,3,1,0x00,0x00,0x00,0x00,NoRank,NoRank,NoRank,NoRank,NoRank,NoRank,NoRank,NoRank,anim76|IsPointer,NormMov|IsPointer,NormRainMov|IsPointer,NormSnowMov|IsPointer,NormAvoBon|IsPointer,NormDefBon|IsPointer,NormResBon|IsPointer,0xA0
PonytaID,PonytaNameText,CharmanderDescText,0x53,0x0,PonytaSMS,0x00,0x4D,0x53,20,8,5,6,2,2,10,BaseMov+2,55,40,40,40,20,25,25,3,60,45,40,50,20,25,20,0,0,0,3,0,0,0x00,0x00,0x00,0x00,NoRank,NoRank,NoRank,NoRank,NoRank,NoRank,NoRank,NoRank,anim77|IsPointer,NormMov|IsPointer,NormRainMov|IsPointer,NormSnowMov|IsPointer,NormAvoBon|IsPointer,NormDefBon|IsPointer,NormResBon|IsPointer,0x01
RapidashID,RapidashNameText,CharmanderDescText,0x54,0x0,RapidashSMS,0x00,0x4E,0x54,23,11,8,9,3,5,14,BaseMov+3,65,50,50,50,30,40,25,4,70,55,50,55,35,45,20,3,3,3,3,1,3,0x00,0x00,0x00,0x00,NoRank,NoRank,NoRank,NoRank,NoRank,NoRank,NoRank,NoRank,anim78|IsPointer,NormMov|IsPointer,NormRainMov|IsPointer,NormSnowMov|IsPointer,NormAvoBon|IsPointer,NormDefBon|IsPointer,NormResBon|IsPointer,0x01
SlowpokeID,SlowpokeNameText,SlowpokeDescText,0x55,0x0,SlowpokeSMS,0x00,0x4F,0x55,25,5,3,0,3,1,4,BaseMov+1,70,35,35,10,30,20,25,3,85,35,35,0,35,20,20,2,0,0,0,0,0,0x00,0x00,0x00,0x00,NoRank,NoRank,NoRank,NoRank,NoRank,NoRank,NoRank,NoRank,anim79|IsPointer,SwimmerMov|IsPointer,SwimmerRainMov|IsPointer,SwimmerSnowMov|IsPointer,SwimmerAvoBon|IsPointer,SwimmerDefBon|IsPointer,SwimmerResBon|IsPointer,0x4002
SlowbroID,SlowbroNameText,SlowpokeDescText,0x56,0x0,SlowbroSMS,0x00,0x50,0x56,28,6,7,0,9,5,11,BaseMov+2,75,40,45,10,50,40,25,4,95,45,45,0,55,45,20,3,1,4,0,6,4,0x00,0x00,0x00,0x00,NoRank,NoRank,NoRank,NoRank,NoRank,NoRank,NoRank,NoRank,anim80|IsPointer,SwimmerMov|IsPointer,SwimmerRainMov|IsPointer,SwimmerSnowMov|IsPointer,SwimmerAvoBon|IsPointer,SwimmerDefBon|IsPointer,SwimmerResBon|IsPointer,0x4002
MagnemiteID,MagnemiteNameText,MagnemiteDescText,0x57,0x0,MagnemiteSMS,0x00,0x51,0x57,18,1,3,3,3,2,3,BaseMov+1,50,15,35,35,35,30,25,3,55,15,35,30,35,30,20,0,0,0,3,0,0,0x00,0x00,0x00,0x00,NoRank,NoRank,NoRank,NoRank,NoRank,NoRank,NoRank,NoRank,anim81|IsPointer,FlierMov|IsPointer,FlierRainMov|IsPointer,FlierSnowMov|IsPointer,FlierAvoBon|IsPointer,FlierDefBon|IsPointer,FlierResBon|IsPointer,0x2004
MagnetonID,MagnetonNameText,MagnemiteDescText,0x58,0x0,MagnetonSMS,0x00,0x52,0x58,24,4,7,6,6,3,10,BaseMov+2,65,25,45,45,45,30,25,4,75,35,45,40,45,30,20,6,3,4,3,3,1,0x00,0x00,0x00,0x00,NoRank,NoRank,NoRank,NoRank,NoRank,NoRank,NoRank,NoRank,anim82|IsPointer,FlierMov|IsPointer,FlierRainMov|IsPointer,FlierSnowMov|IsPointer,FlierAvoBon|IsPointer,FlierDefBon|IsPointer,FlierResBon|IsPointer,0x2004
FarfetchdID,FarfetchdNameText,PidgeyDescText,0x59,0x0,FarfetchdSMS,0x00,0x53,0x59,22,10,6,3,2,3,8,BaseMov+2,60,45,40,35,30,35,25,4,70,50,45,30,30,35,20,0,6,0,0,0,0,0x00,0x00,0x00,0x00,NoRank,NoRank,NoRank,NoRank,NoRank,NoRank,NoRank,NoRank,anim83|IsPointer,FlierMov|IsPointer,FlierRainMov|IsPointer,FlierSnowMov|IsPointer,FlierAvoBon|IsPointer,FlierDefBon|IsPointer,FlierResBon|IsPointer,0x0240
DoduoID,DoduoNameText,PidgeyDescText,0x5A,0x0,DoduoSMS,0x00,0x54,0x5A,19,6,4,5,2,1,6,BaseMov+1,50,35,35,40,25,20,25,3,60,40,40,45,20,20,20,0,0,0,2,0,0,0x00,0x00,0x00,0x00,NoRank,NoRank,NoRank,NoRank,NoRank,NoRank,NoRank,NoRank,anim84|IsPointer,NormMov|IsPointer,NormRainMov|IsPointer,NormSnowMov|IsPointer,NormAvoBon|IsPointer,NormDefBon|IsPointer,NormResBon|IsPointer,0x0240
DodrioID,DodrioNameText,PidgeyDescText,0x5B,0x0,DodrioSMS,0x00,0x55,0x5B,23,11,7,10,4,3,12,BaseMov+3,65,45,45,50,35,30,25,4,70,55,45,55,40,30,20,4,5,3,5,2,2,0x00,0x00,0x00,0x00,NoRank,NoRank,NoRank,NoRank,NoRank,NoRank,NoRank,NoRank,anim85|IsPointer,NormMov|IsPointer,NormRainMov|IsPointer,NormSnowMov|IsPointer,NormAvoBon|IsPointer,NormDefBon|IsPointer,NormResBon|IsPointer,0x0240
SeelID,SeelNameText,SquirtleDescText,0x5C,0x0,SeelSMS,0x00,0x56,0x5C,20,6,5,3,2,3,10,BaseMov+1,55,35,40,35,25,35,25,3,65,40,40,30,25,35,20,0,0,0,0,0,0,0x00,0x00,0x00,0x00,NoRank,NoRank,NoRank,NoRank,NoRank,NoRank,NoRank,NoRank,anim86|IsPointer,SwimmerMov|IsPointer,SwimmerRainMov|IsPointer,SwimmerSnowMov|IsPointer,SwimmerAvoBon|IsPointer,SwimmerDefBon|IsPointer,SwimmerResBon|IsPointer,0x02
DewgongID,DewgongNameText,DewgongDescText,0x5D,0x0,DewgongSMS,0x00,0x57,0x5D,25,8,8,5,5,6,14,BaseMov+2,70,45,50,40,40,45,25,4,80,50,50,30,45,50,20,5,2,3,2,3,3,0x00,0x00,0x00,0x00,NoRank,NoRank,NoRank,NoRank,NoRank,NoRank,NoRank,NoRank,anim87|IsPointer,SwimmerMov|IsPointer,SwimmerRainMov|IsPointer,SwimmerSnowMov|IsPointer,SwimmerAvoBon|IsPointer,SwimmerDefBon|IsPointer,SwimmerResBon|IsPointer,0x1002
GrimerID,GrimerNameText,EkansDescText,0x5E,0x0,GrimerSMS,0x00,0x58,0x5E,23,8,5,1,1,3,6,BaseMov+1,60,40,35,15,20,35,25,3,75,45,40,10,20,35,20,0,0,0,0,0,0,0x00,0x00,0x00,0x00,NoRank,NoRank,NoRank,NoRank,NoRank,NoRank,NoRank,NoRank,anim88|IsPointer,NormMov|IsPointer,NormRainMov|IsPointer,NormSnowMov|IsPointer,NormAvoBon|IsPointer,NormDefBon|IsPointer,NormResBon|IsPointer,0x10
CutBushID,NSlashAText,NSlashAText,0x5F,0x0,CutBushSMS,0x00,1,0x5F,16,1,1,1,1,1,10,BaseMov+1,35,15,20,15,15,15,25,4,45,5,25,15,10,10,20,0,0,0,0,0,0,0x00,0x00,0x00,0x00,NoRank,NoRank,NoRank,NoRank,NoRank,NoRank,NoRank,NoRank,animAnyClass|IsPointer,NormMov|IsPointer,NormRainMov|IsPointer,NormSnowMov|IsPointer,NormAvoBon|IsPointer,NormDefBon|IsPointer,NormResBon|IsPointer,0x00
RockSmashID,NSlashAText,NSlashAText,0x60,0x0,RockSmashSMS,0x00,1,0x60,16,1,1,1,1,1,5,BaseMov+2,35,15,20,15,15,15,25,3,45,5,25,15,10,10,20,0,0,0,0,0,0,0x00,0x00,0x00,0x00,NoRank,NoRank,NoRank,NoRank,NoRank,NoRank,NoRank,NoRank,animAnyClass|IsPointer,SwimmerMov|IsPointer,SwimmerRainMov|IsPointer,SwimmerSnowMov|IsPointer,SwimmerAvoBon|IsPointer,SwimmerDefBon|IsPointer,SwimmerResBon|IsPointer,0x00
StrengthBoulderID,NSlashAText,NSlashAText,0x61,0x0,StrengthBoulderSMS,0x00,1,0x61,16,1,1,1,1,1,11,BaseMov+2,35,15,20,15,15,15,25,4,45,5,25,15,10,10,20,0,0,0,0,0,0,0x00,0x00,0x00,0x00,NoRank,NoRank,NoRank,NoRank,NoRank,NoRank,NoRank,NoRank,animAnyClass|IsPointer,SwimmerMov|IsPointer,SwimmerRainMov|IsPointer,SwimmerSnowMov|IsPointer,SwimmerAvoBon|IsPointer,SwimmerDefBon|IsPointer,SwimmerResBon|IsPointer,0x00
GorgonEgg2ID,NSlashAText,NSlashAText,0x62,0x0,GorgonEgg2SMS,0x00,1,0x62,16,1,1,1,1,1,6,1,35,15,20,15,15,15,25,3,45,5,25,15,10,10,20,0,0,0,0,0,0,0x00,0x00,0x00,0x00,NoRank,NoRank,NoRank,NoRank,NoRank,NoRank,NoRank,NoRank,animAnyClass|IsPointer,0x00,0x00,0x00,0x00,0x00,0x00,0x00
GreenID,NSlashAText,NSlashAText,0x63,0x0,GreenSMS,0x00,179,0x63,16,1,1,1,1,1,1,TrainerMov+6,35,15,20,15,15,15,25,3,45,5,25,15,10,10,20,0,0,0,0,0,0,0x00,0x00,0x00,0x00,NoRank,NoRank,NoRank,NoRank,NoRank,NoRank,NoRank,NoRank,animAnyClass|IsPointer,NormMov|IsPointer,NormRainMov|IsPointer,NormSnowMov|IsPointer,NormAvoBon|IsPointer,NormDefBon|IsPointer,NormResBon|IsPointer,0x00
DeathgoyleID,NSlashAText,NSlashAText,0x64,0x0,DeathgoyleSMS,0x00,1,0x64,16,1,1,1,1,1,11,BaseMov+3,35,15,20,15,15,15,25,3,45,5,25,15,10,10,20,0,0,0,0,0,0,0x00,0x00,0x00,0x00,NoRank,NoRank,NoRank,NoRank,NoRank,NoRank,NoRank,NoRank,animAnyClass|IsPointer,NormMov|IsPointer,NormRainMov|IsPointer,NormSnowMov|IsPointer,NormAvoBon|IsPointer,NormDefBon|IsPointer,NormResBon|IsPointer,0x00
DracoZombieID,NSlashAText,NSlashAText,0x65,0x0,DracoZombieSMS,0x00,1,0x65,16,1,1,1,1,1,0,1,35,15,20,15,15,15,25,3,45,5,25,15,10,10,20,0,0,0,0,0,0,0x00,0x00,0x00,0x00,NoRank,NoRank,NoRank,NoRank,NoRank,NoRank,NoRank,NoRank,animAnyClass|IsPointer,NormMov|IsPointer,NormRainMov|IsPointer,NormSnowMov|IsPointer,NormAvoBon|IsPointer,NormDefBon|IsPointer,NormResBon|IsPointer,0x00
DemonKingID,NSlashAText,NSlashAText,0x66,0x0,DemonKingSMS,0x00,1,0x66,16,1,1,1,1,1,25,1,35,15,20,15,15,15,25,5,45,5,25,15,10,10,20,0,0,0,0,0,0,0x00,0x00,0x00,0x00,NoRank,NoRank,NoRank,NoRank,NoRank,NoRank,NoRank,NoRank,animAnyClass|IsPointer,NormMov|IsPointer,NormRainMov|IsPointer,NormSnowMov|IsPointer,NormAvoBon|IsPointer,NormDefBon|IsPointer,NormResBon|IsPointer,0x00
lassID,NSlashAText,NSlashAText,0x67,0x0,lassSMS,0x00,1,0x67,16,1,1,1,1,1,25,TrainerMov,35,15,20,15,15,15,25,3,45,5,25,15,10,10,20,0,0,0,0,0,0,0x00,0x00,0x00,0x00,NoRank,NoRank,NoRank,NoRank,NoRank,NoRank,NoRank,NoRank,animAnyClass|IsPointer,NormMov|IsPointer,NormRainMov|IsPointer,NormSnowMov|IsPointer,NormAvoBon|IsPointer,NormDefBon|IsPointer,NormResBon|IsPointer,0x00
picnickerID,NSlashAText,NSlashAText,0x68,0x0,picnickerSMS,0x00,1,0x68,16,1,1,1,1,1,25,TrainerMov,35,15,20,15,15,15,25,0,45,5,25,15,10,10,20,0,0,0,0,0,0,0x00,0x00,0x00,0x00,NoRank,NoRank,NoRank,NoRank,NoRank,NoRank,NoRank,NoRank,animAnyClass|IsPointer,NormMov|IsPointer,NormRainMov|IsPointer,NormSnowMov|IsPointer,NormAvoBon|IsPointer,NormDefBon|IsPointer,NormResBon|IsPointer,0x00
policemanID,NSlashAText,NSlashAText,0x69,0x0,policemanSMS,0x00,1,0x69,16,1,1,1,1,1,25,TrainerMov,35,15,20,15,15,15,25,0,45,5,25,15,10,10,20,0,0,0,0,0,0,0x00,0x00,0x00,0x00,NoRank,NoRank,NoRank,NoRank,NoRank,NoRank,NoRank,NoRank,animAnyClass|IsPointer,NormMov|IsPointer,NormRainMov|IsPointer,NormSnowMov|IsPointer,NormAvoBon|IsPointer,NormDefBon|IsPointer,NormResBon|IsPointer,0x00
prof_oakID,NSlashAText,NSlashAText,0x6A,0x0,prof_oakSMS,0x00,1,0x6A,16,1,1,1,1,1,25,TrainerMov,35,15,20,15,15,15,25,0,45,5,25,15,10,10,20,0,0,0,0,0,0,0x00,0x00,0x00,0x00,NoRank,NoRank,NoRank,NoRank,NoRank,NoRank,NoRank,NoRank,animAnyClass|IsPointer,NormMov|IsPointer,NormRainMov|IsPointer,NormSnowMov|IsPointer,NormAvoBon|IsPointer,NormDefBon|IsPointer,NormResBon|IsPointer,0x00
rockerID,NSlashAText,NSlashAText,0x6B,0x0,rockerSMS,0x00,1,0x6B,16,1,1,1,1,1,25,TrainerMov,35,15,20,15,15,15,25,0,45,5,25,15,10,10,20,0,0,0,0,0,0,0x00,0x00,0x00,0x00,NoRank,NoRank,NoRank,NoRank,NoRank,NoRank,NoRank,NoRank,animAnyClass|IsPointer,NormMov|IsPointer,NormRainMov|IsPointer,NormSnowMov|IsPointer,NormAvoBon|IsPointer,NormDefBon|IsPointer,NormResBon|IsPointer,0x00
rocket_fID,NSlashAText,NSlashAText,0x6C,0x0,rocket_fSMS,0x00,1,0x6C,16,1,1,1,1,1,25,TrainerMov,35,15,20,15,15,15,25,0,45,5,25,15,10,10,20,0,0,0,0,0,0,0x00,0x00,0x00,0x00,NoRank,NoRank,NoRank,NoRank,NoRank,NoRank,NoRank,NoRank,animAnyClass|IsPointer,NormMov|IsPointer,NormRainMov|IsPointer,NormSnowMov|IsPointer,NormAvoBon|IsPointer,NormDefBon|IsPointer,NormResBon|IsPointer,0x00
rocket_mID,NSlashAText,NSlashAText,0x6D,0x0,rocket_mSMS,0x00,1,0x6D,16,1,1,1,1,1,25,TrainerMov,35,15,20,15,15,15,25,1,45,5,25,15,10,10,20,0,0,0,0,0,0,0x00,0x00,0x00,0x00,NoRank,NoRank,NoRank,NoRank,NoRank,NoRank,NoRank,NoRank,animAnyClass|IsPointer,NormMov|IsPointer,NormRainMov|IsPointer,NormSnowMov|IsPointer,NormAvoBon|IsPointer,NormDefBon|IsPointer,NormResBon|IsPointer,0x00
sailorID,NSlashAText,NSlashAText,0x6E,0x0,sailorSMS,0x00,1,0x6E,16,1,1,1,1,1,25,TrainerMov,35,15,20,15,15,15,25,1,45,5,25,15,10,10,20,0,0,0,0,0,0,0x00,0x00,0x00,0x00,NoRank,NoRank,NoRank,NoRank,NoRank,NoRank,NoRank,NoRank,animAnyClass|IsPointer,NormMov|IsPointer,NormRainMov|IsPointer,NormSnowMov|IsPointer,NormAvoBon|IsPointer,NormDefBon|IsPointer,NormResBon|IsPointer,0x00
scientistID,NSlashAText,NSlashAText,0x6F,0x0,scientistSMS,0x00,1,0x6F,16,1,1,1,1,1,25,TrainerMov,35,15,20,15,15,15,25,1,45,5,25,15,10,10,20,0,0,0,0,0,0,0x00,0x00,0x00,0x00,NoRank,NoRank,NoRank,NoRank,NoRank,NoRank,NoRank,NoRank,animAnyClass|IsPointer,NormMov|IsPointer,NormRainMov|IsPointer,NormSnowMov|IsPointer,NormAvoBon|IsPointer,NormDefBon|IsPointer,NormResBon|IsPointer,0x00
super_nerdID,NSlashAText,NSlashAText,0x70,0x0,super_nerdSMS,0x00,1,0x70,16,1,1,1,1,1,25,TrainerMov,35,15,20,15,15,15,25,1,45,5,25,15,10,10,20,0,0,0,0,0,0,0x00,0x00,0x00,0x00,NoRank,NoRank,NoRank,NoRank,NoRank,NoRank,NoRank,NoRank,animAnyClass|IsPointer,NormMov|IsPointer,NormRainMov|IsPointer,NormSnowMov|IsPointer,NormAvoBon|IsPointer,NormDefBon|IsPointer,NormResBon|IsPointer,0x00
BurrowID,NSlashAText,NSlashAText,0x71,0x0,BurrowSMS,0x00,1,0x71,16,1,1,1,1,1,25,0,35,15,20,15,15,15,25,3,45,5,25,15,10,10,20,0,0,0,0,0,0,0x00,0x00,0x00,0x00,NoRank,NoRank,NoRank,NoRank,NoRank,NoRank,NoRank,NoRank,animAnyClass|IsPointer,NormMov|IsPointer,NormRainMov|IsPointer,NormSnowMov|IsPointer,NormAvoBon|IsPointer,NormDefBon|IsPointer,NormResBon|IsPointer,0x20
FlowerID,NSlashAText,NSlashAText,0x72,0x0,FlowerSMS,0x00,1,0x72,16,1,1,1,1,1,25,0,35,15,20,15,15,15,25,1,45,5,25,15,10,10,20,0,0,0,0,0,0,0x00,0x00,0x00,0x00,NoRank,NoRank,NoRank,NoRank,NoRank,NoRank,NoRank,NoRank,animAnyClass|IsPointer,NormMov|IsPointer,NormRainMov|IsPointer,NormSnowMov|IsPointer,NormAvoBon|IsPointer,NormDefBon|IsPointer,NormResBon|IsPointer,0x00
BerryTreeID,NSlashAText,NSlashAText,0x73,0x0,BerryTreeSMS,0x00,1,0x73,16,1,1,1,1,1,25,0,35,15,20,15,15,15,25,1,45,5,25,15,10,10,20,0,0,0,0,0,0,0x00,0x00,0x00,0x00,NoRank,NoRank,NoRank,NoRank,NoRank,NoRank,NoRank,NoRank,animAnyClass|IsPointer,NormMov|IsPointer,NormRainMov|IsPointer,NormSnowMov|IsPointer,NormAvoBon|IsPointer,NormDefBon|IsPointer,NormResBon|IsPointer,0x00
sfxID,NSlashAText,NSlashAText,0x74,0x0,sfxSMS,0x00,1,0x74,16,1,1,1,1,1,25,0,35,15,20,15,15,15,25,1,45,5,25,15,10,10,20,0,0,0,0,0,0,0x00,0x00,0x00,0x00,NoRank,NoRank,NoRank,NoRank,NoRank,NoRank,NoRank,NoRank,animAnyClass|IsPointer,NormMov|IsPointer,NormRainMov|IsPointer,NormSnowMov|IsPointer,NormAvoBon|IsPointer,NormDefBon|IsPointer,NormResBon|IsPointer,0x00
OpenBallID,NSlashAText,NSlashAText,0x75,0x0,OpenBallSMS,0x00,1,0x75,16,1,1,1,1,1,25,0,35,15,20,15,15,15,25,1,45,5,25,15,10,10,20,0,0,0,0,0,0,0x00,0x00,0x00,0x00,NoRank,NoRank,NoRank,NoRank,NoRank,NoRank,NoRank,NoRank,animAnyClass|IsPointer,NormMov|IsPointer,NormRainMov|IsPointer,NormSnowMov|IsPointer,NormAvoBon|IsPointer,NormDefBon|IsPointer,NormResBon|IsPointer,0x00
RedPokeballID,NSlashAText,NSlashAText,0x76,0x0,RedPokeballSMS,0x00,1,0x76,16,1,1,1,1,1,25,0,35,15,20,15,15,15,25,1,45,5,25,15,10,10,20,0,0,0,0,0,0,0x00,0x00,0x00,0x00,NoRank,NoRank,NoRank,NoRank,NoRank,NoRank,NoRank,NoRank,animAnyClass|IsPointer,NormMov|IsPointer,NormRainMov|IsPointer,NormSnowMov|IsPointer,NormAvoBon|IsPointer,NormDefBon|IsPointer,NormResBon|IsPointer,0x00
GoldPokeballID,NSlashAText,NSlashAText,0x77,0x0,GoldPokeballSMS,0x00,1,0x77,16,1,1,1,1,1,25,0,35,15,20,15,15,15,25,1,45,5,25,15,10,10,20,0,0,0,0,0,0,0x00,0x00,0x00,0x00,NoRank,NoRank,NoRank,NoRank,NoRank,NoRank,NoRank,NoRank,animAnyClass|IsPointer,NormMov|IsPointer,NormRainMov|IsPointer,NormSnowMov|IsPointer,NormAvoBon|IsPointer,NormDefBon|IsPointer,NormResBon|IsPointer,0x00
GaryID,NSlashAText,NSlashAText,0x78,0x0,GarySMS,0x00,1,0x78,16,1,1,1,1,1,25,TrainerMov+2,35,15,20,15,15,15,25,1,45,5,25,15,10,10,20,0,0,0,0,0,0,0x00,0x00,0x00,0x00,NoRank,NoRank,NoRank,NoRank,NoRank,NoRank,NoRank,NoRank,animAnyClass|IsPointer,NormMov|IsPointer,NormRainMov|IsPointer,NormSnowMov|IsPointer,NormAvoBon|IsPointer,NormDefBon|IsPointer,NormResBon|IsPointer,0x00
PlatformID,NSlashAText,NSlashAText,0x79,0x0,PlatformSMS,0x00,1,0x79,16,1,1,1,1,1,25,0,35,15,20,15,15,15,25,1,45,5,25,15,10,10,20,0,0,0,0,0,0,0x00,0x00,0x00,0x00,NoRank,NoRank,NoRank,NoRank,NoRank,NoRank,NoRank,NoRank,animAnyClass|IsPointer,NormMov|IsPointer,NormRainMov|IsPointer,NormSnowMov|IsPointer,NormAvoBon|IsPointer,NormDefBon|IsPointer,NormResBon|IsPointer,0x00
BlankID,NSlashAText,NSlashAText,0x7A,0x0,BlankSMS,0x00,1,0x7A,16,1,1,1,1,1,25,0,35,15,20,15,15,15,25,1,45,5,25,15,10,10,20,0,0,0,0,0,0,0x00,0x00,0x00,0x00,NoRank,NoRank,NoRank,NoRank,NoRank,NoRank,NoRank,NoRank,animAnyClass|IsPointer,NormMov|IsPointer,NormRainMov|IsPointer,NormSnowMov|IsPointer,NormAvoBon|IsPointer,NormDefBon|IsPointer,NormResBon|IsPointer,0x00
SavePointID,NSlashAText,NSlashAText,0x7B,0x0,SavePointSMS,0x00,1,0x7B,16,1,1,1,1,1,25,0,35,15,20,15,15,15,25,1,45,5,25,15,10,10,20,0,0,0,0,0,0,0x00,0x00,0x00,0x00,NoRank,NoRank,NoRank,NoRank,NoRank,NoRank,NoRank,NoRank,animAnyClass|IsPointer,NormMov|IsPointer,NormRainMov|IsPointer,NormSnowMov|IsPointer,NormAvoBon|IsPointer,NormDefBon|IsPointer,NormResBon|IsPointer,0x00
BushID,NSlashAText,NSlashAText,0x7C,0x0,BushSMS,0x00,1,0x7C,16,1,1,1,1,1,25,0,35,15,20,15,15,15,25,3,45,5,25,15,10,10,20,0,0,0,0,0,0,0x00,0x00,0x00,0x00,NoRank,NoRank,NoRank,NoRank,NoRank,NoRank,NoRank,NoRank,animAnyClass|IsPointer,NormMov|IsPointer,NormRainMov|IsPointer,NormSnowMov|IsPointer,NormAvoBon|IsPointer,NormDefBon|IsPointer,NormResBon|IsPointer,0x800
SignID,NSlashAText,NSlashAText,0x7D,0x0,SignSMS,0x00,1,0x7D,16,1,1,1,1,1,25,0,35,15,20,15,15,15,25,3,45,5,25,15,10,10,20,0,0,0,0,0,0,0x00,0x00,0x00,0x00,NoRank,NoRank,NoRank,NoRank,NoRank,NoRank,NoRank,NoRank,animAnyClass|IsPointer,NormMov|IsPointer,NormRainMov|IsPointer,NormSnowMov|IsPointer,NormAvoBon|IsPointer,NormDefBon|IsPointer,NormResBon|IsPointer,0x00
Sign2ID,NSlashAText,NSlashAText,0x7E,0x0,Sign2SMS,0x00,1,0x7E,16,1,1,1,1,1,25,0,35,15,20,15,15,15,25,3,45,5,25,15,10,10,20,0,0,0,0,0,0,0x00,0x00,0x00,0x00,NoRank,NoRank,NoRank,NoRank,NoRank,NoRank,NoRank,NoRank,animAnyClass|IsPointer,NormMov|IsPointer,NormRainMov|IsPointer,NormSnowMov|IsPointer,NormAvoBon|IsPointer,NormDefBon|IsPointer,NormResBon|IsPointer,0x00
CoinsID,NSlashAText,NSlashAText,0x7F,0x0,CoinsSMS,0x00,1,0x7F,16,1,1,1,1,1,25,0,35,15,20,15,15,15,25,5,45,5,25,15,10,10,20,0,0,0,0,0,0,0x00,0x00,0x00,0x00,NoRank,NoRank,NoRank,NoRank,NoRank,NoRank,NoRank,NoRank,animAnyClass|IsPointer,0x00,0x00,0x00,NormAvoBon|IsPointer,NormDefBon|IsPointer,NormResBon|IsPointer,0x00
MukID,MukNameText,EkansDescText,0x80,0x0,MukSMS,0x00,0x59,0x80,26,14,9,3,5,7,12,BaseMov+2,75,50,50,30,40,45,25,4,85,60,50,20,45,50,20,3,6,4,2,4,4,0x00,0x00,0x00,0x00,NoRank,NoRank,NoRank,NoRank,NoRank,NoRank,NoRank,NoRank,anim89|IsPointer,NormMov|IsPointer,NormRainMov|IsPointer,NormSnowMov|IsPointer,NormAvoBon|IsPointer,NormDefBon|IsPointer,NormResBon|IsPointer,0x10
ShellderID,ShellderNameText,DewgongDescText,0x81,0x0,ShellderSMS,0x00,0x5A,0x81,17,6,4,2,4,1,7,BaseMov+1,45,35,35,30,35,15,25,3,50,40,35,25,40,15,20,0,0,0,0,0,0,0x00,0x00,0x00,0x00,NoRank,NoRank,NoRank,NoRank,NoRank,NoRank,NoRank,NoRank,anim90|IsPointer,SwimmerMov|IsPointer,SwimmerRainMov|IsPointer,SwimmerSnowMov|IsPointer,SwimmerAvoBon|IsPointer,SwimmerDefBon|IsPointer,SwimmerResBon|IsPointer,0x02
CloysterID,CloysterNameText,DewgongDescText,0x82,0x0,CloysterSMS,0x00,0x5B,0x82,21,10,8,4,12,2,13,BaseMov+2,60,45,50,40,60,20,25,4,65,55,50,25,60,25,20,4,4,4,2,8,1,0x00,0x00,0x00,0x00,NoRank,NoRank,NoRank,NoRank,NoRank,NoRank,NoRank,NoRank,anim91|IsPointer,SwimmerMov|IsPointer,SwimmerRainMov|IsPointer,SwimmerSnowMov|IsPointer,SwimmerAvoBon|IsPointer,SwimmerDefBon|IsPointer,SwimmerResBon|IsPointer,0x1002
GastlyID,GastlyNameText,GastlyDescText,0x83,0x0,GastlySMS,0x00,0x5C,0x83,18,2,3,4,0,1,1,BaseMov+1,50,20,30,35,10,20,25,3,55,15,35,45,10,20,20,0,0,0,0,0,0,0x00,0x00,0x00,0x00,NoRank,NoRank,NoRank,NoRank,NoRank,NoRank,NoRank,NoRank,anim92|IsPointer,FlierMov|IsPointer,FlierRainMov|IsPointer,FlierSnowMov|IsPointer,FlierAvoBon|IsPointer,FlierDefBon|IsPointer,FlierResBon|IsPointer,0x0110
HaunterID,HaunterNameText,GastlyDescText,0x84,0x0,HaunterSMS,0x00,0x5D,0x84,21,5,5,6,1,3,7,BaseMov+2,60,35,40,40,15,30,25,4,70,35,40,45,20,30,20,3,3,2,2,1,2,0x00,0x00,0x00,0x00,NoRank,NoRank,NoRank,NoRank,NoRank,NoRank,NoRank,NoRank,anim93|IsPointer,FlierMov|IsPointer,FlierRainMov|IsPointer,FlierSnowMov|IsPointer,FlierAvoBon|IsPointer,FlierDefBon|IsPointer,FlierResBon|IsPointer,0x0110
GengarID,GengarNameText,GastlyDescText,0x85,0x0,GengarSMS,0x00,0x5E,0x85,24,8,8,9,2,5,11,BaseMov+2,65,45,50,50,25,40,25,5,75,50,50,55,30,45,20,3,3,3,3,1,2,0x00,0x00,0x00,0x00,NoRank,NoRank,NoRank,NoRank,NoRank,NoRank,NoRank,NoRank,anim94|IsPointer,FlierMov|IsPointer,FlierRainMov|IsPointer,FlierSnowMov|IsPointer,FlierAvoBon|IsPointer,FlierDefBon|IsPointer,FlierResBon|IsPointer,0x0110
OnixID,OnixNameText,GeodudeDescText,0x86,0x0,OnixSMS,0x00,0x5F,0x86,21,9,6,6,8,1,22,BaseMov+2,60,45,40,40,50,10,25,4,65,50,40,45,55,15,20,0,1,0,0,6,0,0x00,0x00,0x00,0x00,NoRank,NoRank,NoRank,NoRank,NoRank,NoRank,NoRank,NoRank,anim95|IsPointer,NormMov|IsPointer,NormRainMov|IsPointer,NormSnowMov|IsPointer,NormAvoBon|IsPointer,NormDefBon|IsPointer,NormResBon|IsPointer,0xA0
DrowzeeID,DrowzeeNameText,AbraDescText,0x87,0x0,DrowzeeSMS,0x00,0x60,0x87,21,5,5,3,2,5,8,BaseMov+1,60,35,40,35,25,40,25,3,70,35,40,25,25,45,20,0,0,0,0,0,4,0x00,0x00,0x00,0x00,NoRank,NoRank,NoRank,NoRank,NoRank,NoRank,NoRank,NoRank,anim96|IsPointer,NormMov|IsPointer,NormRainMov|IsPointer,NormSnowMov|IsPointer,NormAvoBon|IsPointer,NormDefBon|IsPointer,NormResBon|IsPointer,0x4000
HypnoID,HypnoNameText,AbraDescText,0x88,0x0,HypnoSMS,0x00,0x61,0x88,28,8,9,5,3,9,10,BaseMov+2,75,40,50,45,30,50,25,4,90,50,55,30,35,60,20,7,3,4,2,1,4,0x00,0x00,0x00,0x00,NoRank,NoRank,NoRank,NoRank,NoRank,NoRank,NoRank,NoRank,anim97|IsPointer,NormMov|IsPointer,NormRainMov|IsPointer,NormSnowMov|IsPointer,NormAvoBon|IsPointer,NormDefBon|IsPointer,NormResBon|IsPointer,0x4000
KrabbyID,KrabbyNameText,SquirtleDescText,0x89,0x0,KrabbySMS,0x00,0x62,0x89,17,8,4,3,5,1,5,BaseMov+1,45,40,35,35,35,15,25,3,50,45,40,30,45,15,20,0,0,0,0,2,0,0x00,0x00,0x00,0x00,NoRank,NoRank,NoRank,NoRank,NoRank,NoRank,NoRank,NoRank,anim98|IsPointer,SwimmerMov|IsPointer,SwimmerRainMov|IsPointer,SwimmerSnowMov|IsPointer,SwimmerAvoBon|IsPointer,SwimmerDefBon|IsPointer,SwimmerResBon|IsPointer,0x02
KinglerID,KinglerNameText,SquirtleDescText,0x8A,0x0,KinglerSMS,0x00,0x63,0x8A,23,16,8,5,7,2,12,BaseMov+2,65,50,45,40,45,25,25,4,70,60,50,30,50,30,20,6,8,4,2,2,1,0x00,0x00,0x00,0x00,NoRank,NoRank,NoRank,NoRank,NoRank,NoRank,NoRank,NoRank,anim99|IsPointer,SwimmerMov|IsPointer,SwimmerRainMov|IsPointer,SwimmerSnowMov|IsPointer,SwimmerAvoBon|IsPointer,SwimmerDefBon|IsPointer,SwimmerResBon|IsPointer,0x02
VoltorbID,VoltorbNameText,PikachuDescText,0x8B,0x0,VoltorbSMS,0x00,160,0x8B,19,2,5,8,2,2,3,BaseMov+1,50,15,40,55,20,25,25,3,55,20,40,55,20,30,20,0,0,0,3,0,0,0x00,0x00,0x00,0x00,NoRank,NoRank,NoRank,NoRank,NoRank,NoRank,NoRank,NoRank,anim100|IsPointer,NormMov|IsPointer,NormRainMov|IsPointer,NormSnowMov|IsPointer,NormAvoBon|IsPointer,NormDefBon|IsPointer,NormResBon|IsPointer,0x04
ElectrodeID,ElectrodeNameText,PikachuDescText,0x8C,0x0,ElectrodeSMS,0x00,161,0x8C,21,3,7,12,3,5,8,BaseMov+2,60,20,50,60,25,40,25,4,65,25,45,60,35,45,20,2,1,2,4,1,3,0x00,0x00,0x00,0x00,NoRank,NoRank,NoRank,NoRank,NoRank,NoRank,NoRank,NoRank,anim101|IsPointer,NormMov|IsPointer,NormRainMov|IsPointer,NormSnowMov|IsPointer,NormAvoBon|IsPointer,NormDefBon|IsPointer,NormResBon|IsPointer,0x04
ExeggcuteID,ExeggcuteNameText,ExeggcuteDescText,0x8D,0x0,ExeggcuteSMS,0x00,162,0x8D,19,4,4,1,3,2,4,BaseMov+1,50,35,35,20,35,25,25,3,60,30,35,15,35,20,20,0,1,0,0,0,0,0x00,0x00,0x00,0x00,NoRank,NoRank,NoRank,NoRank,NoRank,NoRank,NoRank,NoRank,anim102|IsPointer,NormMov|IsPointer,NormRainMov|IsPointer,NormSnowMov|IsPointer,NormAvoBon|IsPointer,NormDefBon|IsPointer,NormResBon|IsPointer,0x4800
ExeggutorID,ExeggutorNameText,ExeggcuteDescText,0x8E,0x0,ExeggutorSMS,0x00,163,0x8E,28,10,9,2,6,5,21,BaseMov+2,75,50,50,25,45,40,25,4,90,55,50,15,50,45,20,9,6,5,1,3,3,0x00,0x00,0x00,0x00,NoRank,NoRank,NoRank,NoRank,NoRank,NoRank,NoRank,NoRank,anim103|IsPointer,NormMov|IsPointer,NormRainMov|IsPointer,NormSnowMov|IsPointer,NormAvoBon|IsPointer,NormDefBon|IsPointer,NormResBon|IsPointer,0x4800
CuboneID,CuboneNameText,SandshrewDescText,0x8F,0x0,CuboneSMS,0x00,164,0x8F,19,6,4,3,4,1,7,BaseMov+1,55,35,35,35,35,20,25,3,60,40,40,30,45,20,20,0,0,0,1,0,0,0x00,0x00,0x00,0x00,NoRank,NoRank,NoRank,NoRank,NoRank,NoRank,NoRank,NoRank,anim104|IsPointer,NormMov|IsPointer,NormRainMov|IsPointer,NormSnowMov|IsPointer,NormAvoBon|IsPointer,NormDefBon|IsPointer,NormResBon|IsPointer,0x20
MarowakID,MarowakNameText,SandshrewDescText,0x90,0x0,MarowakSMS,0x00,0x69,0x90,21,9,7,4,7,4,11,BaseMov+2,60,45,45,35,45,35,25,4,65,50,45,30,55,40,20,2,3,3,1,3,3,0x00,0x00,0x00,0x00,NoRank,NoRank,NoRank,NoRank,NoRank,NoRank,NoRank,NoRank,anim105|IsPointer,NormMov|IsPointer,NormRainMov|IsPointer,NormSnowMov|IsPointer,NormAvoBon|IsPointer,NormDefBon|IsPointer,NormResBon|IsPointer,0x20
HitmonleeID,HitmonleeNameText,MankeyDescText,0x91,0x0,HitmonleeSMS,0x00,0x6A,0x91,21,13,8,6,2,8,12,BaseMov+2,60,50,45,45,25,45,25,4,65,55,50,45,25,55,20,0,4,1,2,0,4,0x00,0x00,0x00,0x00,NoRank,NoRank,NoRank,NoRank,NoRank,NoRank,NoRank,NoRank,anim106|IsPointer,NormMov|IsPointer,NormRainMov|IsPointer,NormSnowMov|IsPointer,NormAvoBon|IsPointer,NormDefBon|IsPointer,NormResBon|IsPointer,0x08
HitmonchanID,HitmonchanNameText,MankeyDescText,0x92,0x0,HitmonchanSMS,0x00,0x6B,0x92,21,11,8,6,4,7,12,BaseMov+2,60,45,45,45,40,45,25,4,65,55,50,40,40,55,20,0,0,0,0,2,0,0x00,0x00,0x00,0x00,NoRank,NoRank,NoRank,NoRank,NoRank,NoRank,NoRank,NoRank,anim107|IsPointer,NormMov|IsPointer,NormRainMov|IsPointer,NormSnowMov|IsPointer,NormAvoBon|IsPointer,NormDefBon|IsPointer,NormResBon|IsPointer,0x08
LickitungID,LickitungNameText,RattataDescText,0x93,0x0,LickitungSMS,0x00,0x6C,0x93,26,13,9,4,7,7,13,BaseMov+2,75,50,50,35,50,50,25,4,85,60,55,25,55,55,20,5,2,1,0,3,0,0x00,0x00,0x00,0x00,NoRank,NoRank,NoRank,NoRank,NoRank,NoRank,NoRank,NoRank,anim108|IsPointer,NormMov|IsPointer,NormRainMov|IsPointer,NormSnowMov|IsPointer,NormAvoBon|IsPointer,NormDefBon|IsPointer,NormResBon|IsPointer,0x0200
KoffingID,KoffingNameText,EkansDescText,0x94,0x0,KoffingSMS,0x00,0x6D,0x94,19,8,5,1,6,2,3,BaseMov+1,50,40,40,15,40,25,25,3,55,45,45,10,50,30,20,0,0,0,0,0,0,0x00,0x00,0x00,0x00,NoRank,NoRank,NoRank,NoRank,NoRank,NoRank,NoRank,NoRank,anim109|IsPointer,FlierMov|IsPointer,FlierRainMov|IsPointer,FlierSnowMov|IsPointer,FlierAvoBon|IsPointer,FlierDefBon|IsPointer,FlierResBon|IsPointer,0x10
WeezingID,WeezingNameText,EkansDescText,0x95,0x0,WeezingSMS,0x00,0x6E,0x95,24,13,9,3,10,4,11,BaseMov+2,65,50,50,25,50,35,25,4,75,60,50,15,60,40,20,5,5,4,2,4,2,0x00,0x00,0x00,0x00,NoRank,NoRank,NoRank,NoRank,NoRank,NoRank,NoRank,NoRank,anim110|IsPointer,FlierMov|IsPointer,FlierRainMov|IsPointer,FlierSnowMov|IsPointer,FlierAvoBon|IsPointer,FlierDefBon|IsPointer,FlierResBon|IsPointer,0x10
RhyhornID,RhyhornNameText,GeodudeDescText,0x96,0x0,RhyhornSMS,0x00,0x6F,0x96,23,9,5,1,6,1,10,BaseMov+1,60,45,40,20,45,20,25,3,75,50,40,10,50,20,20,0,0,0,0,0,0,0x00,0x00,0x00,0x00,NoRank,NoRank,NoRank,NoRank,NoRank,NoRank,NoRank,NoRank,anim111|IsPointer,NormMov|IsPointer,NormRainMov|IsPointer,NormSnowMov|IsPointer,NormAvoBon|IsPointer,NormDefBon|IsPointer,NormResBon|IsPointer,0xA0
RhydonID,RhydonNameText,GeodudeDescText,0x97,0x0,RhydonSMS,0x00,0x70,0x97,28,15,8,2,10,2,21,BaseMov+2,75,55,45,20,50,20,25,4,95,60,50,15,55,25,20,5,6,3,1,4,1,0x00,0x00,0x00,0x00,NoRank,NoRank,NoRank,NoRank,NoRank,NoRank,NoRank,NoRank,anim112|IsPointer,NormMov|IsPointer,NormRainMov|IsPointer,NormSnowMov|IsPointer,NormAvoBon|IsPointer,NormDefBon|IsPointer,NormResBon|IsPointer,0xA0
ChanseyID,ChanseyNameText,RattataDescText,0x98,0x0,ChanseySMS,0x00,0x71,0x98,34,0,5,6,0,6,11,BaseMov+2,99,10,40,40,10,45,25,4,125,5,40,45,5,50,20,6,0,0,4,0,4,0x00,0x00,0x00,0x00,NoRank,NoRank,NoRank,NoRank,NoRank,NoRank,NoRank,NoRank,anim113|IsPointer,NormMov|IsPointer,NormRainMov|IsPointer,NormSnowMov|IsPointer,NormAvoBon|IsPointer,NormDefBon|IsPointer,NormResBon|IsPointer,0x0200
TangelaID,TangelaNameText,TangelaDescText,0x99,0x0,TangelaSMS,0x00,0x72,0x99,20,3,5,3,8,1,12,BaseMov+2,55,25,40,35,45,15,25,4,60,30,40,25,55,20,20,0,3,0,0,8,0,0x00,0x00,0x00,0x00,NoRank,NoRank,NoRank,NoRank,NoRank,NoRank,NoRank,NoRank,anim114|IsPointer,NormMov|IsPointer,NormRainMov|IsPointer,NormSnowMov|IsPointer,NormAvoBon|IsPointer,NormDefBon|IsPointer,NormResBon|IsPointer,0x0800
KangaskhanID,KangaskhanNameText,RattataDescText,0x9A,0x0,KangaskhanSMS,0x00,0x73,0x9A,28,11,8,7,5,5,13,BaseMov+2,75,45,45,45,40,40,25,4,95,55,50,45,45,45,20,8,8,3,4,0,4,0x00,0x00,0x00,0x00,NoRank,NoRank,NoRank,NoRank,NoRank,NoRank,NoRank,NoRank,anim115|IsPointer,NormMov|IsPointer,NormRainMov|IsPointer,NormSnowMov|IsPointer,NormAvoBon|IsPointer,NormDefBon|IsPointer,NormResBon|IsPointer,0x0200
HorseaID,HorseaNameText,SquirtleDescText,0x9B,0x0,HorseaSMS,0x00,0x74,0x9B,17,3,3,5,3,1,3,BaseMov+1,45,25,35,35,35,15,25,3,50,25,35,45,35,15,20,0,0,0,0,0,0,0x00,0x00,0x00,0x00,NoRank,NoRank,NoRank,NoRank,NoRank,NoRank,NoRank,NoRank,anim116|IsPointer,SwimmerMov|IsPointer,SwimmerRainMov|IsPointer,SwimmerSnowMov|IsPointer,SwimmerAvoBon|IsPointer,SwimmerDefBon|IsPointer,SwimmerResBon|IsPointer,0x02
SeadraID,SeadraNameText,SquirtleDescText,0x9C,0x0,SeadraSMS,0x00,0x75,0x9C,23,6,7,7,6,2,9,BaseMov+2,65,35,45,45,45,25,25,4,70,45,45,45,50,30,20,6,3,4,2,3,1,0x00,0x00,0x00,0x00,NoRank,NoRank,NoRank,NoRank,NoRank,NoRank,NoRank,NoRank,anim117|IsPointer,SwimmerMov|IsPointer,SwimmerRainMov|IsPointer,SwimmerSnowMov|IsPointer,SwimmerAvoBon|IsPointer,SwimmerDefBon|IsPointer,SwimmerResBon|IsPointer,0x02
GoldeenID,GoldeenNameText,SquirtleDescText,0x9D,0x0,GoldeenSMS,0x00,0x76,0x9D,18,7,4,4,2,2,6,BaseMov+1,50,35,35,35,30,20,25,3,55,45,40,40,30,20,20,0,1,0,0,0,0,0x00,0x00,0x00,0x00,NoRank,NoRank,NoRank,NoRank,NoRank,NoRank,NoRank,NoRank,anim118|IsPointer,SwimmerMov|IsPointer,SwimmerRainMov|IsPointer,SwimmerSnowMov|IsPointer,SwimmerAvoBon|IsPointer,SwimmerDefBon|IsPointer,SwimmerResBon|IsPointer,0x02
SeakingID,SeakingNameText,SquirtleDescText,0x9E,0x0,SeakingSMS,0x00,0x77,0x9E,24,11,8,6,3,5,11,BaseMov+2,65,45,45,45,30,40,25,4,75,55,50,35,35,45,20,6,4,4,2,1,3,0x00,0x00,0x00,0x00,NoRank,NoRank,NoRank,NoRank,NoRank,NoRank,NoRank,NoRank,anim119|IsPointer,SwimmerMov|IsPointer,SwimmerRainMov|IsPointer,SwimmerSnowMov|IsPointer,SwimmerAvoBon|IsPointer,SwimmerDefBon|IsPointer,SwimmerResBon|IsPointer,0x02
StaryuID,StaryuNameText,SquirtleDescText,0x9F,0x0,StaryuSMS,0x00,0x78,0x9F,18,2,3,4,2,2,7,BaseMov+1,50,20,35,35,25,25,25,3,55,20,35,45,25,25,20,0,0,0,0,0,0,0x00,0x00,0x00,0x00,NoRank,NoRank,NoRank,NoRank,NoRank,NoRank,NoRank,NoRank,anim120|IsPointer,SwimmerMov|IsPointer,SwimmerRainMov|IsPointer,SwimmerSnowMov|IsPointer,SwimmerAvoBon|IsPointer,SwimmerDefBon|IsPointer,SwimmerResBon|IsPointer,0x02
StarmieID,StarmieNameText,SlowpokeDescText,0xA0,0x0,StarmieSMS,0x00,0x79,0xA0,25,6,8,9,5,5,12,BaseMov+2,70,35,50,50,40,40,25,4,80,45,50,55,45,45,20,7,4,5,5,3,3,0x00,0x00,0x00,0x00,NoRank,NoRank,NoRank,NoRank,NoRank,NoRank,NoRank,NoRank,anim121|IsPointer,SwimmerMov|IsPointer,SwimmerRainMov|IsPointer,SwimmerSnowMov|IsPointer,SwimmerAvoBon|IsPointer,SwimmerDefBon|IsPointer,SwimmerResBon|IsPointer,0x4002
MrMimeID,MrMimeNameText,AbraDescText,0xA1,0x0,MrMimeSMS,0x00,0x7A,0xA1,18,2,6,6,2,9,9,BaseMov+2,45,20,45,45,25,45,25,4,50,20,45,45,30,55,20,0,0,0,0,0,4,0x00,0x00,0x00,0x00,NoRank,NoRank,NoRank,NoRank,NoRank,NoRank,NoRank,NoRank,anim122|IsPointer,NormMov|IsPointer,NormRainMov|IsPointer,NormSnowMov|IsPointer,NormAvoBon|IsPointer,NormDefBon|IsPointer,NormResBon|IsPointer,0x4000
ScytherID,ScytherNameText,ButterfreeDescText,0xA2,0x0,ScytherSMS,0x00,0x7B,0xA2,21,11,8,9,5,5,12,BaseMov+2,60,45,45,50,40,40,25,4,65,55,50,55,45,45,20,3,9,2,3,3,0,0x00,0x00,0x00,0x00,NoRank,NoRank,NoRank,NoRank,NoRank,NoRank,NoRank,NoRank,anim123|IsPointer,FlierMov|IsPointer,FlierRainMov|IsPointer,FlierSnowMov|IsPointer,FlierAvoBon|IsPointer,FlierDefBon|IsPointer,FlierResBon|IsPointer,0x8040
JynxID,JynxNameText,JynxDescText,0xA3,0x0,JynxSMS,0x00,0x7C,0xA3,21,3,6,6,1,7,10,BaseMov+2,60,25,45,45,15,45,25,4,65,30,45,45,15,55,20,0,0,0,0,0,2,0x00,0x00,0x00,0x00,NoRank,NoRank,NoRank,NoRank,NoRank,NoRank,NoRank,NoRank,anim124|IsPointer,NormMov|IsPointer,NormRainMov|IsPointer,NormSnowMov|IsPointer,NormAvoBon|IsPointer,NormDefBon|IsPointer,NormResBon|IsPointer,0x5000
ElectabuzzID,ElectabuzzNameText,PikachuDescText,0xA4,0x0,ElectabuzzSMS,0x00,0x7D,0xA4,21,8,8,8,3,6,12,BaseMov+2,60,45,45,45,25,45,25,4,65,45,50,50,30,45,20,0,5,2,2,2,0,0x00,0x00,0x00,0x00,NoRank,NoRank,NoRank,NoRank,NoRank,NoRank,NoRank,NoRank,anim125|IsPointer,NormMov|IsPointer,NormRainMov|IsPointer,NormSnowMov|IsPointer,NormAvoBon|IsPointer,NormDefBon|IsPointer,NormResBon|IsPointer,0x04
MagmarID,MagmarNameText,CharmanderDescText,0xA5,0x0,MagmarSMS,0x00,0x7E,0xA5,21,10,8,6,3,6,12,BaseMov+2,60,45,45,45,25,45,25,4,65,50,50,40,30,45,20,0,2,0,0,0,0,0x00,0x00,0x00,0x00,NoRank,NoRank,NoRank,NoRank,NoRank,NoRank,NoRank,NoRank,anim126|IsPointer,NormMov|IsPointer,NormRainMov|IsPointer,NormSnowMov|IsPointer,NormAvoBon|IsPointer,NormDefBon|IsPointer,NormResBon|IsPointer,0x01
PinsirID,PinsirNameText,CaterpieDescText,0xA6,0x0,PinsirSMS,0x00,0x7F,0xA6,20,13,8,4,7,4,10,BaseMov+2,55,50,45,40,45,35,25,4,60,55,50,30,50,40,20,0,3,0,0,4,0,0x00,0x00,0x00,0x00,NoRank,NoRank,NoRank,NoRank,NoRank,NoRank,NoRank,NoRank,anim127|IsPointer,NormMov|IsPointer,NormRainMov|IsPointer,NormSnowMov|IsPointer,NormAvoBon|IsPointer,NormDefBon|IsPointer,NormResBon|IsPointer,0x8000
TaurosID,TaurosNameText,RattataDescText,0xA7,0x0,TaurosSMS,0x00,0x80,0xA7,23,10,8,9,6,4,13,BaseMov+2,65,45,45,50,45,35,25,4,70,50,50,55,50,40,20,3,0,0,5,0,0,0x00,0x00,0x00,0x00,NoRank,NoRank,NoRank,NoRank,NoRank,NoRank,NoRank,NoRank,anim128|IsPointer,NormMov|IsPointer,NormRainMov|IsPointer,NormSnowMov|IsPointer,NormAvoBon|IsPointer,NormDefBon|IsPointer,NormResBon|IsPointer,0x0200
MagikarpID,MagikarpNameText,SquirtleDescText,0xA8,0x0,MagikarpSMS,0x00,0x81,0xA8,13,0,1,2,1,1,3,BaseMov,30,10,15,20,15,15,25,1,25,5,20,30,15,10,20,0,0,0,0,0,0,0x00,0x00,0x00,0x00,NoRank,NoRank,NoRank,NoRank,NoRank,NoRank,NoRank,NoRank,anim129|IsPointer,SwimmerMov|IsPointer,SwimmerRainMov|IsPointer,SwimmerSnowMov|IsPointer,SwimmerAvoBon|IsPointer,SwimmerDefBon|IsPointer,SwimmerResBon|IsPointer,0x02
GyaradosID,GyaradosNameText,GyaradosDescText,0xA9,0x0,GyaradosSMS,0x00,0x82,0xA9,28,15,10,5,5,7,23,BaseMov+2,75,50,50,40,40,50,25,5,90,65,55,30,45,50,20,15,15,9,3,4,6,0x00,0x00,0x00,0x00,NoRank,NoRank,NoRank,NoRank,NoRank,NoRank,NoRank,NoRank,anim130|IsPointer,FlierMov|IsPointer,FlierRainMov|IsPointer,FlierSnowMov|IsPointer,FlierAvoBon|IsPointer,FlierDefBon|IsPointer,FlierResBon|IsPointer,0x42
LaprasID,LaprasNameText,DewgongDescText,0xAA,0x0,LaprasSMS,0x00,0x83,0xAA,32,8,9,3,6,6,19,BaseMov+2,85,45,50,25,45,45,25,4,110,50,50,15,50,50,20,4,0,0,0,1,0,0x00,0x00,0x00,0x00,NoRank,NoRank,NoRank,NoRank,NoRank,NoRank,NoRank,NoRank,anim131|IsPointer,SwimmerMov|IsPointer,SwimmerRainMov|IsPointer,SwimmerSnowMov|IsPointer,SwimmerAvoBon|IsPointer,SwimmerDefBon|IsPointer,SwimmerResBon|IsPointer,0x1002
DittoID,DittoNameText,RattataDescText,0xAB,0x0,DittoSMS,0x00,0x84,0xAB,17,3,3,2,2,2,3,BaseMov+2,45,30,30,30,30,30,25,3,50,20,35,25,25,25,20,0,0,0,0,0,0,0x00,0x00,0x00,0x00,NoRank,NoRank,NoRank,NoRank,NoRank,NoRank,NoRank,NoRank,anim132|IsPointer,NormMov|IsPointer,NormRainMov|IsPointer,NormSnowMov|IsPointer,NormAvoBon|IsPointer,NormDefBon|IsPointer,NormResBon|IsPointer,0x0200
EeveeID,EeveeNameText,RattataDescText,0xAC,FlareonID,EeveeSMS,0x00,0x85,0xAC,19,6,4,4,1,2,3,BaseMov+1,50,35,35,35,20,25,25,3,60,40,40,40,20,20,20,2,3,1,2,0,0,0x00,0x00,0x00,0x00,NoRank,NoRank,NoRank,NoRank,NoRank,NoRank,NoRank,NoRank,anim133|IsPointer,NormMov|IsPointer,NormRainMov|IsPointer,NormSnowMov|IsPointer,NormAvoBon|IsPointer,NormDefBon|IsPointer,NormResBon|IsPointer,0x0200
VaporeonID,VaporeonNameText,SquirtleDescText,0xAD,0x0,VaporeonSMS,0x00,0x86,0xAD,32,6,9,6,4,7,10,BaseMov+2,85,35,50,45,35,50,25,4,110,50,55,35,40,55,20,13,0,5,2,3,5,0x00,0x00,0x00,0x00,NoRank,NoRank,NoRank,NoRank,NoRank,NoRank,NoRank,NoRank,anim134|IsPointer,SwimmerMov|IsPointer,SwimmerRainMov|IsPointer,SwimmerSnowMov|IsPointer,SwimmerAvoBon|IsPointer,SwimmerDefBon|IsPointer,SwimmerResBon|IsPointer,0x02
JolteonID,JolteonNameText,PikachuDescText,0xAE,0x0,JolteonSMS,0x00,0x87,0xAE,23,6,9,13,3,7,10,BaseMov+2,65,35,50,60,25,50,25,4,70,50,55,65,35,55,20,4,0,5,9,2,5,0x00,0x00,0x00,0x00,NoRank,NoRank,NoRank,NoRank,NoRank,NoRank,NoRank,NoRank,anim135|IsPointer,NormMov|IsPointer,NormRainMov|IsPointer,NormSnowMov|IsPointer,NormAvoBon|IsPointer,NormDefBon|IsPointer,NormResBon|IsPointer,0x04
FlareonID,FlareonNameText,CharmanderDescText,0xAF,0x0,FlareonSMS,0x00,0x88,0xAF,23,19,11,5,3,7,10,BaseMov+2,65,60,50,35,25,50,25,4,70,70,60,25,35,55,20,4,13,7,1,2,5,0x00,0x00,0x00,0x00,NoRank,NoRank,NoRank,NoRank,NoRank,NoRank,NoRank,NoRank,anim136|IsPointer,NormMov|IsPointer,NormRainMov|IsPointer,NormSnowMov|IsPointer,NormAvoBon|IsPointer,NormDefBon|IsPointer,NormResBon|IsPointer,0x01
PorygonID,PorygonNameText,RattataDescText,0xB0,0x0,PorygonSMS,0x00,0x89,0xB0,20,7,7,5,3,4,8,BaseMov+2,55,40,45,40,30,40,25,4,60,45,45,35,30,45,20,0,0,0,0,0,0,0x00,0x00,0x00,0x00,NoRank,NoRank,NoRank,NoRank,NoRank,NoRank,NoRank,NoRank,anim137|IsPointer,NormMov|IsPointer,NormRainMov|IsPointer,NormSnowMov|IsPointer,NormAvoBon|IsPointer,NormDefBon|IsPointer,NormResBon|IsPointer,0x0200
OmanyteID,OmanyteNameText,OmanyteDescText,0xB1,0x0,OmanyteSMS,0x00,0x8A,0xB1,17,6,5,4,5,2,3,BaseMov+1,45,35,40,35,40,20,25,3,45,40,40,35,45,20,20,0,0,0,0,2,0,0x00,0x00,0x00,0x00,NoRank,NoRank,NoRank,NoRank,NoRank,NoRank,NoRank,NoRank,anim138|IsPointer,SwimmerMov|IsPointer,SwimmerRainMov|IsPointer,SwimmerSnowMov|IsPointer,SwimmerAvoBon|IsPointer,SwimmerDefBon|IsPointer,SwimmerResBon|IsPointer,0x82
OmastarID,OmastarNameText,OmanyteDescText,0xB2,0x0,OmastarSMS,0x00,0x8B,0xB2,25,9,9,5,9,3,9,BaseMov+2,70,45,50,40,50,30,25,4,80,55,50,30,60,40,20,8,3,4,1,4,1,0x00,0x00,0x00,0x00,NoRank,NoRank,NoRank,NoRank,NoRank,NoRank,NoRank,NoRank,anim139|IsPointer,SwimmerMov|IsPointer,SwimmerRainMov|IsPointer,SwimmerSnowMov|IsPointer,SwimmerAvoBon|IsPointer,SwimmerDefBon|IsPointer,SwimmerResBon|IsPointer,0x82
KabutoID,KabutoNameText,OmanyteDescText,0xB3,0x0,KabutoSMS,0x00,0x8C,0xB3,17,8,5,5,5,1,3,BaseMov+1,45,40,40,40,40,15,25,3,45,45,40,45,45,20,20,0,0,0,0,0,0,0x00,0x00,0x00,0x00,NoRank,NoRank,NoRank,NoRank,NoRank,NoRank,NoRank,NoRank,anim140|IsPointer,SwimmerMov|IsPointer,SwimmerRainMov|IsPointer,SwimmerSnowMov|IsPointer,SwimmerAvoBon|IsPointer,SwimmerDefBon|IsPointer,SwimmerResBon|IsPointer,0x82
KabutopsID,KabutopsNameText,OmanyteDescText,0xB4,0x0,KabutopsSMS,0x00,0x8D,0xB4,23,15,9,6,8,3,10,BaseMov+2,65,55,50,45,50,25,25,4,70,65,55,40,55,35,20,6,7,4,1,3,2,0x00,0x00,0x00,0x00,NoRank,NoRank,NoRank,NoRank,NoRank,NoRank,NoRank,NoRank,anim141|IsPointer,SwimmerMov|IsPointer,SwimmerRainMov|IsPointer,SwimmerSnowMov|IsPointer,SwimmerAvoBon|IsPointer,SwimmerDefBon|IsPointer,SwimmerResBon|IsPointer,0x82
AerodactylID,AerodactylNameText,AerodactylDescText,0xB5,0x0,AerodactylSMS,0x00,0x8E,0xB5,24,10,8,11,3,4,19,BaseMov+3,65,45,50,55,25,35,25,3,75,50,50,60,30,40,20,1,0,0,5,0,1,0x00,0x00,0x00,0x00,NoRank,NoRank,NoRank,NoRank,NoRank,NoRank,NoRank,NoRank,anim142|IsPointer,FlierMov|IsPointer,FlierRainMov|IsPointer,FlierSnowMov|IsPointer,FlierAvoBon|IsPointer,FlierDefBon|IsPointer,FlierResBon|IsPointer,0xC0
SnorlaxID,SnorlaxNameText,RattataDescText,0xB6,0x0,SnorlaxSMS,0x00,0x8F,0xB6,37,16,11,0,3,12,22,BaseMov+1,95,55,50,10,30,55,25,4,125,65,55,0,35,65,20,13,6,3,0,0,8,0x00,0x00,0x00,0x00,NoRank,NoRank,NoRank,NoRank,NoRank,NoRank,NoRank,NoRank,anim143|IsPointer,NormMov|IsPointer,NormRainMov|IsPointer,NormSnowMov|IsPointer,NormAvoBon|IsPointer,NormDefBon|IsPointer,NormResBon|IsPointer,0x0200
ArticunoID,ArticunoNameText,ArticunoDescText,0xB7,0x0,ArticunoSMS,0x00,0x90,0xB7,26,8,11,6,8,12,20,BaseMov+3,75,40,55,45,55,60,25,5,85,55,60,35,60,70,50,0,0,0,6,5,0,0x00,0x00,0x00,0x00,NoRank,NoRank,NoRank,NoRank,NoRank,NoRank,NoRank,NoRank,anim144|IsPointer,FlierMov|IsPointer,FlierRainMov|IsPointer,FlierSnowMov|IsPointer,FlierAvoBon|IsPointer,FlierDefBon|IsPointer,FlierResBon|IsPointer,0x1040
ZapdosID,ZapdosNameText,ZapdosDescText,0xB8,0x0,ZapdosSMS,0x00,0x91,0xB8,26,9,10,8,6,6,20,BaseMov+3,75,45,55,55,45,50,25,5,85,60,60,45,50,55,50,0,1,0,2,0,0,0x00,0x00,0x00,0x00,NoRank,NoRank,NoRank,NoRank,NoRank,NoRank,NoRank,NoRank,anim145|IsPointer,FlierMov|IsPointer,FlierRainMov|IsPointer,FlierSnowMov|IsPointer,FlierAvoBon|IsPointer,FlierDefBon|IsPointer,FlierResBon|IsPointer,0x44
MoltresID,MoltresNameText,MoltresDescText,0xB9,0x0,MoltresSMS,0x00,0x92,0xB9,26,11,10,6,6,6,20,BaseMov+3,75,55,55,50,50,45,25,5,85,65,60,35,55,50,50,0,2,0,0,0,0,0x00,0x00,0x00,0x00,NoRank,NoRank,NoRank,NoRank,NoRank,NoRank,NoRank,NoRank,anim146|IsPointer,FlierMov|IsPointer,FlierRainMov|IsPointer,FlierSnowMov|IsPointer,FlierAvoBon|IsPointer,FlierDefBon|IsPointer,FlierResBon|IsPointer,0x41
DratiniID,DratiniNameText,DratiniDescText,0xBA,0x0,DratiniSMS,0x00,0x93,0xBA,16,6,4,3,2,2,4,BaseMov+1,40,35,35,35,25,25,25,4,40,40,40,35,20,25,50,0,0,0,0,0,0,0x00,0x00,0x00,0x00,NoRank,NoRank,NoRank,NoRank,NoRank,NoRank,NoRank,NoRank,anim147|IsPointer,SwimmerMov|IsPointer,SwimmerRainMov|IsPointer,SwimmerSnowMov|IsPointer,SwimmerAvoBon|IsPointer,SwimmerDefBon|IsPointer,SwimmerResBon|IsPointer,0x0400
DragonairID,DragonairNameText,DratiniDescText,0xBB,0x0,DragonairSMS,0x00,0x94,0xBB,20,10,7,6,3,4,16,BaseMov+2,50,45,45,40,35,35,25,4,55,50,45,40,35,40,50,4,4,3,3,1,2,0x00,0x00,0x00,0x00,NoRank,NoRank,NoRank,NoRank,NoRank,NoRank,NoRank,NoRank,anim148|IsPointer,SwimmerMov|IsPointer,SwimmerRainMov|IsPointer,SwimmerSnowMov|IsPointer,SwimmerAvoBon|IsPointer,SwimmerDefBon|IsPointer,SwimmerResBon|IsPointer,0x0400
DragoniteID,DragoniteNameText,DragoniteDescText,0xBC,0x0,DragoniteSMS,0x00,0x95,0xBC,27,21,12,7,6,7,23,BaseMov+3,75,60,60,50,50,50,25,5,85,85,65,40,55,60,50,7,11,5,1,3,3,0x00,0x00,0x00,0x00,NoRank,NoRank,NoRank,NoRank,NoRank,NoRank,NoRank,NoRank,anim149|IsPointer,FlierMov|IsPointer,FlierRainMov|IsPointer,FlierSnowMov|IsPointer,FlierAvoBon|IsPointer,FlierDefBon|IsPointer,FlierResBon|IsPointer,0x0440
MewtwoID,MewtwoNameText,AbraDescText,0xBD,0x0,MewtwoSMS,0x00,0x96,0xBD,31,14,14,14,6,6,10,BaseMov+3,90,60,60,60,45,45,25,8,105,80,75,70,65,65,50,4,0,2,7,0,0,0x00,0x00,0x00,0x00,NoRank,NoRank,NoRank,NoRank,NoRank,NoRank,NoRank,NoRank,anim150|IsPointer,FlierMov|IsPointer,FlierRainMov|IsPointer,FlierSnowMov|IsPointer,FlierAvoBon|IsPointer,FlierDefBon|IsPointer,FlierResBon|IsPointer,0x4000
MewID,MewNameText,AbraDescText,0xBE,0x0,MewSMS,0x00,0x97,0xBE,29,11,11,8,8,8,3,BaseMov+3,85,55,60,55,55,55,25,6,100,65,65,45,60,60,50,0,0,0,0,2,2,0x00,0x00,0x00,0x00,NoRank,NoRank,NoRank,NoRank,NoRank,NoRank,NoRank,NoRank,anim151|IsPointer,FlierMov|IsPointer,FlierRainMov|IsPointer,FlierSnowMov|IsPointer,FlierAvoBon|IsPointer,FlierDefBon|IsPointer,FlierResBon|IsPointer,0x4000
balding_manID,NSlashAText,NSlashAText,0xBF,0x0,balding_manSMS,0x00,1,0xBF,20,0,0,0,0,0,25,TrainerMov,0,0,0,0,0,0,25,3,0,0,0,0,0,0,20,0,0,0,0,0,0,0x00,0x00,0x00,0x00,NoRank,NoRank,NoRank,NoRank,NoRank,NoRank,NoRank,NoRank,animAnyClass|IsPointer,NormMov|IsPointer,NormRainMov|IsPointer,NormSnowMov|IsPointer,NormAvoBon|IsPointer,NormDefBon|IsPointer,NormResBon|IsPointer,0x0
battle_girlID,NSlashAText,NSlashAText,0xC0,0x0,battle_girlSMS,0x00,1,0xC0,20,0,0,0,0,0,25,TrainerMov,0,0,0,0,0,0,25,3,0,0,0,0,0,0,20,0,0,0,0,0,0,0x00,0x00,0x00,0x00,NoRank,NoRank,NoRank,NoRank,NoRank,NoRank,NoRank,NoRank,animAnyClass|IsPointer,NormMov|IsPointer,NormRainMov|IsPointer,NormSnowMov|IsPointer,NormAvoBon|IsPointer,NormDefBon|IsPointer,NormResBon|IsPointer,0x0
beautyID,NSlashAText,NSlashAText,0xC1,0x0,beautySMS,0x00,1,0xC1,20,0,0,0,0,0,25,TrainerMov,0,0,0,0,0,0,25,3,0,0,0,0,0,0,20,0,0,0,0,0,0,0x00,0x00,0x00,0x00,NoRank,NoRank,NoRank,NoRank,NoRank,NoRank,NoRank,NoRank,animAnyClass|IsPointer,NormMov|IsPointer,NormRainMov|IsPointer,NormSnowMov|IsPointer,NormAvoBon|IsPointer,NormDefBon|IsPointer,NormResBon|IsPointer,0x0
billID,NSlashAText,NSlashAText,0xC2,0x0,billSMS,0x00,1,0xC2,20,0,0,0,0,0,25,TrainerMov,0,0,0,0,0,0,25,3,0,0,0,0,0,0,20,0,0,0,0,0,0,0x00,0x00,0x00,0x00,NoRank,NoRank,NoRank,NoRank,NoRank,NoRank,NoRank,NoRank,animAnyClass|IsPointer,NormMov|IsPointer,NormRainMov|IsPointer,NormSnowMov|IsPointer,NormAvoBon|IsPointer,NormDefBon|IsPointer,NormResBon|IsPointer,0x0
blackbeltID,NSlashAText,NSlashAText,0xC3,0x0,blackbeltSMS,0x00,1,0xC3,20,0,0,0,0,0,25,TrainerMov,0,0,0,0,0,0,25,3,0,0,0,0,0,0,20,0,0,0,0,0,0,0x00,0x00,0x00,0x00,NoRank,NoRank,NoRank,NoRank,NoRank,NoRank,NoRank,NoRank,animAnyClass|IsPointer,NormMov|IsPointer,NormRainMov|IsPointer,NormSnowMov|IsPointer,NormAvoBon|IsPointer,NormDefBon|IsPointer,NormResBon|IsPointer,0x0
blueID,NSlashAText,NSlashAText,0xC4,0x0,blueSMS,0x00,1,0xC4,20,0,0,0,0,0,25,TrainerMov,0,0,0,0,0,0,25,3,0,0,0,0,0,0,20,0,0,0,0,0,0,0x00,0x00,0x00,0x00,NoRank,NoRank,NoRank,NoRank,NoRank,NoRank,NoRank,NoRank,animAnyClass|IsPointer,NormMov|IsPointer,NormRainMov|IsPointer,NormSnowMov|IsPointer,NormAvoBon|IsPointer,NormDefBon|IsPointer,NormResBon|IsPointer,0x0
boyID,NSlashAText,NSlashAText,0xC5,0x0,boySMS,0x00,1,0xC5,20,0,0,0,0,0,25,TrainerMov,0,0,0,0,0,0,25,3,0,0,0,0,0,0,20,0,0,0,0,0,0,0x00,0x00,0x00,0x00,NoRank,NoRank,NoRank,NoRank,NoRank,NoRank,NoRank,NoRank,animAnyClass|IsPointer,NormMov|IsPointer,NormRainMov|IsPointer,NormSnowMov|IsPointer,NormAvoBon|IsPointer,NormDefBon|IsPointer,NormResBon|IsPointer,0x0
bug_catcherID,NSlashAText,NSlashAText,0xC6,0x0,bug_catcherSMS,0x00,1,0xC6,20,0,0,0,0,0,25,TrainerMov,0,0,0,0,0,0,25,3,0,0,0,0,0,0,20,0,0,0,0,0,0,0x00,0x00,0x00,0x00,NoRank,NoRank,NoRank,NoRank,NoRank,NoRank,NoRank,NoRank,animAnyClass|IsPointer,NormMov|IsPointer,NormRainMov|IsPointer,NormSnowMov|IsPointer,NormAvoBon|IsPointer,NormDefBon|IsPointer,NormResBon|IsPointer,0x0
camperID,NSlashAText,NSlashAText,0xC7,0x0,camperSMS,0x00,1,0xC7,20,0,0,0,0,0,25,TrainerMov,0,0,0,0,0,0,25,3,0,0,0,0,0,0,20,0,0,0,0,0,0,0x00,0x00,0x00,0x00,NoRank,NoRank,NoRank,NoRank,NoRank,NoRank,NoRank,NoRank,animAnyClass|IsPointer,NormMov|IsPointer,NormRainMov|IsPointer,NormSnowMov|IsPointer,NormAvoBon|IsPointer,NormDefBon|IsPointer,NormResBon|IsPointer,0x0
captainID,NSlashAText,NSlashAText,0xC8,0x0,captainSMS,0x00,1,0xC8,20,0,0,0,0,0,25,TrainerMov,0,0,0,0,0,0,25,3,0,0,0,0,0,0,20,0,0,0,0,0,0,0x00,0x00,0x00,0x00,NoRank,NoRank,NoRank,NoRank,NoRank,NoRank,NoRank,NoRank,animAnyClass|IsPointer,NormMov|IsPointer,NormRainMov|IsPointer,NormSnowMov|IsPointer,NormAvoBon|IsPointer,NormDefBon|IsPointer,NormResBon|IsPointer,0x0
channelerID,NSlashAText,NSlashAText,0xC9,0x0,channelerSMS,0x00,1,0xC9,20,0,0,0,0,0,25,TrainerMov,0,0,0,0,0,0,25,3,0,0,0,0,0,0,20,0,0,0,0,0,0,0x00,0x00,0x00,0x00,NoRank,NoRank,NoRank,NoRank,NoRank,NoRank,NoRank,NoRank,animAnyClass|IsPointer,NormMov|IsPointer,NormRainMov|IsPointer,NormSnowMov|IsPointer,NormAvoBon|IsPointer,NormDefBon|IsPointer,NormResBon|IsPointer,0x0
chefID,NSlashAText,NSlashAText,0xCA,0x0,chefSMS,0x00,1,0xCA,20,0,0,0,0,0,25,TrainerMov,0,0,0,0,0,0,25,3,0,0,0,0,0,0,20,0,0,0,0,0,0,0x00,0x00,0x00,0x00,NoRank,NoRank,NoRank,NoRank,NoRank,NoRank,NoRank,NoRank,animAnyClass|IsPointer,NormMov|IsPointer,NormRainMov|IsPointer,NormSnowMov|IsPointer,NormAvoBon|IsPointer,NormDefBon|IsPointer,NormResBon|IsPointer,0x0
cooltrainer_fID,NSlashAText,NSlashAText,0xCB,0x0,cooltrainer_fSMS,0x00,1,0xCB,20,0,0,0,0,0,25,TrainerMov,0,0,0,0,0,0,25,3,0,0,0,0,0,0,20,0,0,0,0,0,0,0x00,0x00,0x00,0x00,NoRank,NoRank,NoRank,NoRank,NoRank,NoRank,NoRank,NoRank,animAnyClass|IsPointer,NormMov|IsPointer,NormRainMov|IsPointer,NormSnowMov|IsPointer,NormAvoBon|IsPointer,NormDefBon|IsPointer,NormResBon|IsPointer,0x0
fat_manID,NSlashAText,NSlashAText,0xCC,0x0,fat_manSMS,0x00,1,0xCC,20,0,0,0,0,0,25,TrainerMov,0,0,0,0,0,0,25,3,0,0,0,0,0,0,20,0,0,0,0,0,0,0x00,0x00,0x00,0x00,NoRank,NoRank,NoRank,NoRank,NoRank,NoRank,NoRank,NoRank,animAnyClass|IsPointer,NormMov|IsPointer,NormRainMov|IsPointer,NormSnowMov|IsPointer,NormAvoBon|IsPointer,NormDefBon|IsPointer,NormResBon|IsPointer,0x0
fisherID,NSlashAText,NSlashAText,0xCD,0x0,fisherSMS,0x00,1,0xCD,20,0,0,0,0,0,25,TrainerMov,0,0,0,0,0,0,25,3,0,0,0,0,0,0,20,0,0,0,0,0,0,0x00,0x00,0x00,0x00,NoRank,NoRank,NoRank,NoRank,NoRank,NoRank,NoRank,NoRank,animAnyClass|IsPointer,NormMov|IsPointer,NormRainMov|IsPointer,NormSnowMov|IsPointer,NormAvoBon|IsPointer,NormDefBon|IsPointer,NormResBon|IsPointer,0x0
gentlemanID,NSlashAText,NSlashAText,0xCE,0x0,gentlemanSMS,0x00,1,0xCE,20,0,0,0,0,0,25,TrainerMov,0,0,0,0,0,0,25,3,0,0,0,0,0,0,20,0,0,0,0,0,0,0x00,0x00,0x00,0x00,NoRank,NoRank,NoRank,NoRank,NoRank,NoRank,NoRank,NoRank,animAnyClass|IsPointer,NormMov|IsPointer,NormRainMov|IsPointer,NormSnowMov|IsPointer,NormAvoBon|IsPointer,NormDefBon|IsPointer,NormResBon|IsPointer,0x0
hikerID,NSlashAText,NSlashAText,0xCF,0x0,hikerSMS,0x00,1,0xCF,20,0,0,0,0,0,25,TrainerMov,0,0,0,0,0,0,25,3,0,0,0,0,0,0,20,0,0,0,0,0,0,0x00,0x00,0x00,0x00,NoRank,NoRank,NoRank,NoRank,NoRank,NoRank,NoRank,NoRank,animAnyClass|IsPointer,NormMov|IsPointer,NormRainMov|IsPointer,NormSnowMov|IsPointer,NormAvoBon|IsPointer,NormDefBon|IsPointer,NormResBon|IsPointer,0x0
mrfujiID,NSlashAText,NSlashAText,0xD0,0x0,mrfujiSMS,0x00,1,0xD0,20,0,0,0,0,0,25,TrainerMov,0,0,0,0,0,0,25,3,0,0,0,0,0,0,20,0,0,0,0,0,0,0x00,0x00,0x00,0x00,NoRank,NoRank,NoRank,NoRank,NoRank,NoRank,NoRank,NoRank,animAnyClass|IsPointer,NormMov|IsPointer,NormRainMov|IsPointer,NormSnowMov|IsPointer,NormAvoBon|IsPointer,NormDefBon|IsPointer,NormResBon|IsPointer,0x0
bikerID,NSlashAText,NSlashAText,0xD1,0x0,bikerSMS,0x00,1,0xD1,20,0,0,0,0,0,25,TrainerMov,0,0,0,0,0,0,25,3,0,0,0,0,0,0,20,0,0,0,0,0,0,0x00,0x00,0x00,0x00,NoRank,NoRank,NoRank,NoRank,NoRank,NoRank,NoRank,NoRank,animAnyClass|IsPointer,NormMov|IsPointer,NormRainMov|IsPointer,NormSnowMov|IsPointer,NormAvoBon|IsPointer,NormDefBon|IsPointer,NormResBon|IsPointer,0x0
giovanniID,NSlashAText,NSlashAText,0xD2,0x0,giovanniSMS,0x00,1,0xD2,20,0,0,0,0,0,25,TrainerMov,0,0,0,0,0,0,25,3,0,0,0,0,0,0,20,0,0,0,0,0,0,0x00,0x00,0x00,0x00,NoRank,NoRank,NoRank,NoRank,NoRank,NoRank,NoRank,NoRank,animAnyClass|IsPointer,NormMov|IsPointer,NormRainMov|IsPointer,NormSnowMov|IsPointer,NormAvoBon|IsPointer,NormDefBon|IsPointer,NormResBon|IsPointer,0x0
swimmer_f_land,NSlashAText,NSlashAText,0xD3,0x0,swimmer_f_landSMS,0x00,1,0xD3,20,0,0,0,0,0,25,TrainerMov,0,0,0,0,0,0,25,3,0,0,0,0,0,0,20,0,0,0,0,0,0,0x00,0x00,0x00,0x00,NoRank,NoRank,NoRank,NoRank,NoRank,NoRank,NoRank,NoRank,animAnyClass|IsPointer,NormMov|IsPointer,NormRainMov|IsPointer,NormSnowMov|IsPointer,NormAvoBon|IsPointer,NormDefBon|IsPointer,NormResBon|IsPointer,0x0
swimmer_f_water,NSlashAText,NSlashAText,0xD4,0x0,swimmer_f_waterSMS,0x00,1,0xD4,20,0,0,0,0,0,25,TrainerMov,0,0,0,0,0,0,25,3,0,0,0,0,0,0,20,0,0,0,0,0,0,0x00,0x00,0x00,0x00,NoRank,NoRank,NoRank,NoRank,NoRank,NoRank,NoRank,NoRank,animAnyClass|IsPointer,TrainerSwimmerMov|IsPointer,TrainerSwimmerMov|IsPointer,TrainerSwimmerMov|IsPointer,SwimmerAvoBon|IsPointer,SwimmerDefBon|IsPointer,SwimmerResBon|IsPointer,0x0
swimmer_m_land,NSlashAText,NSlashAText,0xD5,0x0,swimmer_m_landSMS,0x00,1,0xD5,20,0,0,0,0,0,25,TrainerMov,0,0,0,0,0,0,25,3,0,0,0,0,0,0,20,0,0,0,0,0,0,0x00,0x00,0x00,0x00,NoRank,NoRank,NoRank,NoRank,NoRank,NoRank,NoRank,NoRank,animAnyClass|IsPointer,NormMov|IsPointer,NormRainMov|IsPointer,NormSnowMov|IsPointer,NormAvoBon|IsPointer,NormDefBon|IsPointer,NormResBon|IsPointer,0x0
swimmer_m_water,NSlashAText,NSlashAText,0xD6,0x0,swimmer_m_waterSMS,0x00,1,0xD6,20,0,0,0,0,0,25,TrainerMov,0,0,0,0,0,0,25,3,0,0,0,0,0,0,20,0,0,0,0,0,0,0x00,0x00,0x00,0x00,NoRank,NoRank,NoRank,NoRank,NoRank,NoRank,NoRank,NoRank,animAnyClass|IsPointer,TrainerSwimmerMov|IsPointer,TrainerSwimmerMov|IsPointer,TrainerSwimmerMov|IsPointer,SwimmerAvoBon|IsPointer,SwimmerDefBon|IsPointer,SwimmerResBon|IsPointer,0x0
tuber_m_water,NSlashAText,NSlashAText,0xD7,0x0,tuber_m_waterSMS,0x00,1,0xD7,20,0,0,0,0,0,25,TrainerMov,0,0,0,0,0,0,25,3,0,0,0,0,0,0,20,0,0,0,0,0,0,0x00,0x00,0x00,0x00,NoRank,NoRank,NoRank,NoRank,NoRank,NoRank,NoRank,NoRank,animAnyClass|IsPointer,TrainerSwimmerMov|IsPointer,TrainerSwimmerMov|IsPointer,TrainerSwimmerMov|IsPointer,SwimmerAvoBon|IsPointer,SwimmerDefBon|IsPointer,SwimmerResBon|IsPointer,0x0
rockID,NSlashAText,NSlashAText,0xD8,0x0,rockSMS,0x00,1,0xD8,20,0,0,0,0,0,25,TrainerMov,0,0,0,0,0,0,25,3,0,0,0,0,0,0,20,0,0,0,0,0,0,0x00,0x00,0x00,0x00,NoRank,NoRank,NoRank,NoRank,NoRank,NoRank,NoRank,NoRank,animAnyClass|IsPointer,NormMov|IsPointer,NormRainMov|IsPointer,NormSnowMov|IsPointer,NormAvoBon|IsPointer,NormDefBon|IsPointer,NormResBon|IsPointer,0x0
Unused2ID,NSlashAText,NSlashAText,0xD9,0x0,BlankSMS,0x00,1,0xD9,20,0,0,0,0,0,12,TrainerMov,0,0,0,0,0,0,25,5,0,0,0,0,0,0,20,0,0,0,0,0,0,0x00,0x00,0x00,0x00,NoRank,NoRank,NoRank,NoRank,NoRank,NoRank,NoRank,NoRank,animAnyClass|IsPointer,NormMov|IsPointer,NormRainMov|IsPointer,NormSnowMov|IsPointer,NormAvoBon|IsPointer,NormDefBon|IsPointer,NormResBon|IsPointer,0x0
puddleID,NSlashAText,NSlashAText,0xDA,0x0,puddleSMS,0x00,1,0xDA,20,0,0,0,0,0,25,TrainerMov,0,0,0,0,0,0,25,3,0,0,0,0,0,0,20,0,0,0,0,0,0,0x00,0x00,0x00,0x00,NoRank,NoRank,NoRank,NoRank,NoRank,NoRank,NoRank,NoRank,animAnyClass|IsPointer,NormMov|IsPointer,NormRainMov|IsPointer,NormSnowMov|IsPointer,NormAvoBon|IsPointer,NormDefBon|IsPointer,NormResBon|IsPointer,0x0
LoreleiID,NSlashAText,NSlashAText,0xDB,0x0,LoreleiSMS,0x00,1,0xDB,20,0,0,0,0,0,25,TrainerMov,0,0,0,0,0,0,25,3,0,0,0,0,0,0,20,0,0,0,0,0,0,0x00,0x00,0x00,0x00,NoRank,NoRank,NoRank,NoRank,NoRank,NoRank,NoRank,NoRank,animAnyClass|IsPointer,NormMov|IsPointer,NormRainMov|IsPointer,NormSnowMov|IsPointer,NormAvoBon|IsPointer,NormDefBon|IsPointer,NormResBon|IsPointer,0x0
BrunoID,NSlashAText,NSlashAText,0xDC,0x0,BrunoSMS,0x00,1,0xDC,20,0,0,0,0,0,25,TrainerMov,0,0,0,0,0,0,25,3,0,0,0,0,0,0,20,0,0,0,0,0,0,0x00,0x00,0x00,0x00,NoRank,NoRank,NoRank,NoRank,NoRank,NoRank,NoRank,NoRank,animAnyClass|IsPointer,NormMov|IsPointer,NormRainMov|IsPointer,NormSnowMov|IsPointer,NormAvoBon|IsPointer,NormDefBon|IsPointer,NormResBon|IsPointer,0x0
AgathaID,NSlashAText,NSlashAText,0xDD,0x0,AgathaSMS,0x00,1,0xDD,20,0,0,0,0,0,25,TrainerMov,0,0,0,0,0,0,25,3,0,0,0,0,0,0,20,0,0,0,0,0,0,0x00,0x00,0x00,0x00,NoRank,NoRank,NoRank,NoRank,NoRank,NoRank,NoRank,NoRank,animAnyClass|IsPointer,NormMov|IsPointer,NormRainMov|IsPointer,NormSnowMov|IsPointer,NormAvoBon|IsPointer,NormDefBon|IsPointer,NormResBon|IsPointer,0x0
LanceID,NSlashAText,NSlashAText,0xDE,0x0,LanceSMS,0x00,1,0xDE,20,0,0,0,0,0,25,TrainerMov,0,0,0,0,0,0,25,3,0,0,0,0,0,0,20,0,0,0,0,0,0,0x00,0x00,0x00,0x00,NoRank,NoRank,NoRank,NoRank,NoRank,NoRank,NoRank,NoRank,animAnyClass|IsPointer,NormMov|IsPointer,NormRainMov|IsPointer,NormSnowMov|IsPointer,NormAvoBon|IsPointer,NormDefBon|IsPointer,NormResBon|IsPointer,0x0
BrockID,NSlashAText,NSlashAText,0xDF,0x0,BrockSMS,0x00,1,0xDF,20,0,0,0,0,0,25,TrainerMov,0,0,0,0,0,0,25,3,0,0,0,0,0,0,20,0,0,0,0,0,0,0x00,0x00,0x00,0x00,NoRank,NoRank,NoRank,NoRank,NoRank,NoRank,NoRank,NoRank,animAnyClass|IsPointer,NormMov|IsPointer,NormRainMov|IsPointer,NormSnowMov|IsPointer,NormAvoBon|IsPointer,NormDefBon|IsPointer,NormResBon|IsPointer,0x0
MistyID,NSlashAText,NSlashAText,0xE0,0x0,MistySMS,0x00,1,0xE0,20,0,0,0,0,0,25,TrainerMov,0,0,0,0,0,0,25,3,0,0,0,0,0,0,20,0,0,0,0,0,0,0x00,0x00,0x00,0x00,NoRank,NoRank,NoRank,NoRank,NoRank,NoRank,NoRank,NoRank,animAnyClass|IsPointer,NormMov|IsPointer,NormRainMov|IsPointer,NormSnowMov|IsPointer,NormAvoBon|IsPointer,NormDefBon|IsPointer,NormResBon|IsPointer,0x0
LtSurgeID,NSlashAText,NSlashAText,0xE1,0x0,LtSurgeSMS,0x00,1,0xE1,20,0,0,0,0,0,25,TrainerMov,0,0,0,0,0,0,25,3,0,0,0,0,0,0,20,0,0,0,0,0,0,0x00,0x00,0x00,0x00,NoRank,NoRank,NoRank,NoRank,NoRank,NoRank,NoRank,NoRank,animAnyClass|IsPointer,NormMov|IsPointer,NormRainMov|IsPointer,NormSnowMov|IsPointer,NormAvoBon|IsPointer,NormDefBon|IsPointer,NormResBon|IsPointer,0x0
KogaID,NSlashAText,NSlashAText,0xE2,0x0,KogaSMS,0x00,1,0xE2,20,0,0,0,0,0,25,TrainerMov,0,0,0,0,0,0,25,3,0,0,0,0,0,0,20,0,0,0,0,0,0,0x00,0x00,0x00,0x00,NoRank,NoRank,NoRank,NoRank,NoRank,NoRank,NoRank,NoRank,animAnyClass|IsPointer,NormMov|IsPointer,NormRainMov|IsPointer,NormSnowMov|IsPointer,NormAvoBon|IsPointer,NormDefBon|IsPointer,NormResBon|IsPointer,0x0
ErikaID,NSlashAText,NSlashAText,0xE3,0x0,ErikaSMS,0x00,1,0xE3,20,0,0,0,0,0,25,TrainerMov,0,0,0,0,0,0,25,3,0,0,0,0,0,0,20,0,0,0,0,0,0,0x00,0x00,0x00,0x00,NoRank,NoRank,NoRank,NoRank,NoRank,NoRank,NoRank,NoRank,animAnyClass|IsPointer,NormMov|IsPointer,NormRainMov|IsPointer,NormSnowMov|IsPointer,NormAvoBon|IsPointer,NormDefBon|IsPointer,NormResBon|IsPointer,0x0
SabrinaID,NSlashAText,NSlashAText,0xE4,0x0,SabrinaSMS,0x00,1,0xE4,20,0,0,0,0,0,25,TrainerMov,0,0,0,0,0,0,25,3,0,0,0,0,0,0,20,0,0,0,0,0,0,0x00,0x00,0x00,0x00,NoRank,NoRank,NoRank,NoRank,NoRank,NoRank,NoRank,NoRank,animAnyClass|IsPointer,NormMov|IsPointer,NormRainMov|IsPointer,NormSnowMov|IsPointer,NormAvoBon|IsPointer,NormDefBon|IsPointer,NormResBon|IsPointer,0x0
BlaineID,NSlashAText,NSlashAText,0xE5,0x0,BlaineSMS,0x00,1,0xE5,20,0,0,0,0,0,25,TrainerMov,0,0,0,0,0,0,25,3,0,0,0,0,0,0,20,0,0,0,0,0,0,0x00,0x00,0x00,0x00,NoRank,NoRank,NoRank,NoRank,NoRank,NoRank,NoRank,NoRank,animAnyClass|IsPointer,NormMov|IsPointer,NormRainMov|IsPointer,NormSnowMov|IsPointer,NormAvoBon|IsPointer,NormDefBon|IsPointer,NormResBon|IsPointer,0x0
BrendanID,NSlashAText,NSlashAText,0xE6,0x0,BrendanSMS,0x00,1,0xE6,20,0,0,0,0,0,25,TrainerMov,0,0,0,0,0,0,25,3,0,0,0,0,0,0,20,0,0,0,0,0,0,0x00,0x00,0x00,0x00,NoRank,NoRank,NoRank,NoRank,NoRank,NoRank,NoRank,NoRank,animAnyClass|IsPointer,NormMov|IsPointer,NormRainMov|IsPointer,NormSnowMov|IsPointer,NormAvoBon|IsPointer,NormDefBon|IsPointer,NormResBon|IsPointer,0x0
MayID,NSlashAText,NSlashAText,0xE7,0x0,MaySMS,0x00,1,0xE7,20,0,0,0,0,0,25,TrainerMov,0,0,0,0,0,0,25,3,0,0,0,0,0,0,20,0,0,0,0,0,0,0x00,0x00,0x00,0x00,NoRank,NoRank,NoRank,NoRank,NoRank,NoRank,NoRank,NoRank,animAnyClass|IsPointer,NormMov|IsPointer,NormRainMov|IsPointer,NormSnowMov|IsPointer,NormAvoBon|IsPointer,NormDefBon|IsPointer,NormResBon|IsPointer,0x0
MomID,NSlashAText,NSlashAText,0xE8,0x0,MomSMS,0x00,1,0xE8,20,0,0,0,0,0,25,TrainerMov,0,0,0,0,0,0,25,3,0,0,0,0,0,0,20,0,0,0,0,0,0,0x00,0x00,0x00,0x00,NoRank,NoRank,NoRank,NoRank,NoRank,NoRank,NoRank,NoRank,animAnyClass|IsPointer,NormMov|IsPointer,NormRainMov|IsPointer,NormSnowMov|IsPointer,NormAvoBon|IsPointer,NormDefBon|IsPointer,NormResBon|IsPointer,0x0
NurseID,NSlashAText,NSlashAText,0xE9,0x0,NurseSMS,0x00,1,0xE9,20,0,0,0,0,0,25,TrainerMov,0,0,0,0,0,0,25,3,0,0,0,0,0,0,20,0,0,0,0,0,0,0x00,0x00,0x00,0x00,NoRank,NoRank,NoRank,NoRank,NoRank,NoRank,NoRank,NoRank,animAnyClass|IsPointer,NormMov|IsPointer,NormRainMov|IsPointer,NormSnowMov|IsPointer,NormAvoBon|IsPointer,NormDefBon|IsPointer,NormResBon|IsPointer,0x0
ReceptionistID,NSlashAText,NSlashAText,0xEA,0x0,ReceptionistSMS,0x00,1,0xEA,20,0,0,0,0,0,25,TrainerMov,0,0,0,0,0,0,25,3,0,0,0,0,0,0,20,0,0,0,0,0,0,0x00,0x00,0x00,0x00,NoRank,NoRank,NoRank,NoRank,NoRank,NoRank,NoRank,NoRank,animAnyClass|IsPointer,NormMov|IsPointer,NormRainMov|IsPointer,NormSnowMov|IsPointer,NormAvoBon|IsPointer,NormDefBon|IsPointer,NormResBon|IsPointer,0x0
ClerkID,NSlashAText,NSlashAText,0xEB,0x0,ClerkSMS,0x00,1,0xEB,20,0,0,0,0,0,25,BaseMov,0,0,0,0,0,0,25,3,0,0,0,0,0,0,20,0,0,0,0,0,0,0x00,0x00,0x00,0x00,NoRank,NoRank,NoRank,NoRank,NoRank,NoRank,NoRank,NoRank,animAnyClass|IsPointer,NormMov|IsPointer,NormRainMov|IsPointer,NormSnowMov|IsPointer,NormAvoBon|IsPointer,NormDefBon|IsPointer,NormResBon|IsPointer,0x0
ShedinjaID,ShedinjaName,ShedinjaDesc,0xEC,0x0,ShedinjaSMS,0x00,0xB0,0xEC,1,7,4,4,2,2,1,BaseMov,1,45,35,35,30,30,15,3,0,40,40,45,30,25,20,0,7,4,4,2,2,0x00,0x00,0x00,0x00,NoRank,NoRank,NoRank,NoRank,NoRank,NoRank,NoRank,NoRank,animAnyClass|IsPointer,NormMov|IsPointer,NormRainMov|IsPointer,NormSnowMov|IsPointer,NormAvoBon|IsPointer,NormDefBon|IsPointer,NormResBon|IsPointer,0x8100
SableyeID,SableyeName,SableyeDesc,0xED,0x0,SableyeSMS,0x00,0xB1,0xED,17,8,8,0,10,10,8,BaseMov,40,45,45,10,55,50,25,3,45,50,50,0,55,55,20,16,1,4,0,8,8,0x00,0x00,0x00,0x00,NoRank,NoRank,NoRank,NoRank,NoRank,NoRank,NoRank,NoRank,animAnyClass|IsPointer,NormMov|IsPointer,NormRainMov|IsPointer,NormSnowMov|IsPointer,NormAvoBon|IsPointer,NormDefBon|IsPointer,NormResBon|IsPointer,0
MegaAlakazamID,MegaAlakazamName,AbraDescText,0xEE,0x0,MegaAlakazamSMS,0x00,0x41,0xEE,31,3,11,18,2,7,25,BaseMov+2,80,20,60,60,25,50,25,3,105,35,60,85,35,60,20,14,0,3,18,0,0,0x00,0x00,0x00,0x00,NoRank,NoRank,NoRank,NoRank,NoRank,NoRank,NoRank,NoRank,animAnyClass|IsPointer,NormMov|IsPointer,NormRainMov|IsPointer,NormSnowMov|IsPointer,NormAvoBon|IsPointer,NormDefBon|IsPointer,NormResBon|IsPointer,0x4000
MegaPidgeotID,MegaPidgeotName,PidgeyDescText,0xEF,0x0,MegaPidgeotSMS,0x00,0x12,0xEF,39,7,11,12,5,5,21,BaseMov+3,95,40,60,60,40,40,25,3,145,60,65,65,55,55,20,8,4,0,0,3,0,0x00,0x00,0x00,0x00,NoRank,NoRank,NoRank,NoRank,NoRank,NoRank,NoRank,NoRank,animAnyClass|IsPointer,FlierMov|IsPointer,FlierRainMov|IsPointer,FlierSnowMov|IsPointer,FlierAvoBon|IsPointer,FlierDefBon|IsPointer,FlierResBon|IsPointer,0x0240
MegaVenusaurID,MegaVenusaurName,BulbasaurDescText,0xF0,0x0,MegaVenusaurSMS,0x00,0x03,0xF0,38,11,14,5,10,10,23,BaseMov+2,95,50,60,40,60,60,25,3,140,75,75,25,70,70,20,0,4,3,0,5,5,0x00,0x00,0x00,0x00,NoRank,NoRank,NoRank,NoRank,NoRank,NoRank,NoRank,NoRank,animAnyClass|IsPointer,NormMov|IsPointer,NormRainMov|IsPointer,NormSnowMov|IsPointer,NormAvoBon|IsPointer,NormDefBon|IsPointer,NormResBon|IsPointer,0x810
MegaCharizardXID,MegaCharizardXName,FireDragonDesc,0xF1,0x0,MegaCharizardXSMS,0x00,0x06,0xF1,38,22,14,8,8,4,22,BaseMov+3,95,60,60,55,55,50,25,3,135,100,75,45,70,60,20,0,11,0,3,0,0,0x00,0x00,0x00,0x00,NoRank,NoRank,NoRank,NoRank,NoRank,NoRank,NoRank,NoRank,animAnyClass|IsPointer,FlierMov|IsPointer,FlierRainMov|IsPointer,FlierSnowMov|IsPointer,FlierAvoBon|IsPointer,FlierDefBon|IsPointer,FlierResBon|IsPointer,0x401
MegaBlastoiseID,MegaBlastoiseName,SquirtleDescText,0xF2,0x0,MegaBlastoiseSMS,0x00,0x09,0xF2,38,12,14,5,10,9,27,BaseMov+2,95,55,60,40,60,60,25,3,140,80,75,25,70,70,20,0,0,0,0,2,5,0x00,0x00,0x00,0x00,NoRank,NoRank,NoRank,NoRank,NoRank,NoRank,NoRank,NoRank,animAnyClass|IsPointer,SwimmerMov|IsPointer,SwimmerRainMov|IsPointer,SwimmerSnowMov|IsPointer,SwimmerAvoBon|IsPointer,SwimmerDefBon|IsPointer,SwimmerResBon|IsPointer,0x02
Unused69ID,NSlashAText,NSlashAText,0xF3,0x0,BlankSMS,0x00,1,0xF3,20,0,0,0,0,0,25,BaseMov,35,15,15,15,15,15,25,3,20,0,0,0,0,0,20,0,0,0,0,0,0,0x00,0x00,0x00,0x00,NoRank,NoRank,NoRank,NoRank,NoRank,NoRank,NoRank,NoRank,animAnyClass|IsPointer,NormMov|IsPointer,NormRainMov|IsPointer,NormSnowMov|IsPointer,NormAvoBon|IsPointer,NormDefBon|IsPointer,NormResBon|IsPointer,0x0
MissingnoID,MissingnoName,MissingnoDesc,0xF4,0x0,MissingnoSMS,0x00,0xCD,0xF4,18,18,15,2,0,1,25,BaseMov,40,60,50,20,10,15,25,3,45,70,65,10,10,20,20,0,18,15,2,0,1,0x00,0x00,0x00,0x00,NoRank,NoRank,NoRank,NoRank,NoRank,NoRank,NoRank,NoRank,animAnyClass|IsPointer,FlierMov|IsPointer,FlierRainMov|IsPointer,FlierSnowMov|IsPointer,FlierAvoBon|IsPointer,FlierDefBon|IsPointer,FlierResBon|IsPointer,0x340
RedID,NSlashAText,NSlashAText,0xF5,0x0,RedSurfSMS,0x01,179,0x15,20,0,0,0,0,0,1,TrainerMov+6,0,0,0,0,0,0,25,3,0,0,0,0,0,0,20,2,0,0,0,0,0,0x00,0x00,0x00,0x00,NoRank,NoRank,NoRank,NoRank,NoRank,NoRank,NoRank,NoRank,animAnyClass|IsPointer,NormMov|IsPointer,NormRainMov|IsPointer,NormSnowMov|IsPointer,NormAvoBon|IsPointer,NormDefBon|IsPointer,NormResBon|IsPointer,0x00
GreenID,NSlashAText,NSlashAText,0xF6,0x0,GreenSurfSMS,0x00,179,0x63,20,0,0,0,0,0,1,TrainerMov+6,0,0,0,0,0,0,25,3,0,0,0,0,0,0,20,0,0,0,0,0,0,0x00,0x00,0x00,0x00,NoRank,NoRank,NoRank,NoRank,NoRank,NoRank,NoRank,NoRank,animAnyClass|IsPointer,NormMov|IsPointer,NormRainMov|IsPointer,NormSnowMov|IsPointer,NormAvoBon|IsPointer,NormDefBon|IsPointer,NormResBon|IsPointer,0x00
PoisonGasID,NSlashAText,NSlashAText,0xF7,0x0,PoisonGasSMS,0x00,1,0xF7,20,0,0,0,0,0,25,TrainerMov,0,0,0,0,0,0,25,3,0,0,0,0,0,0,20,0,0,0,0,0,0,0x00,0x00,0x00,0x00,NoRank,NoRank,NoRank,NoRank,NoRank,NoRank,NoRank,NoRank,animAnyClass|IsPointer,NormMov|IsPointer,NormRainMov|IsPointer,NormSnowMov|IsPointer,NormAvoBon|IsPointer,NormDefBon|IsPointer,NormResBon|IsPointer,0x0810
SurfID,NSlashAText,NSlashAText,0xF8,0x0,SurfSMS,0x00,1,0xF8,20,0,0,0,0,0,25,TrainerMov,0,0,0,0,0,0,25,3,0,0,0,0,0,0,20,0,0,0,0,0,0,0x00,0x00,0x00,0x00,NoRank,NoRank,NoRank,NoRank,NoRank,NoRank,NoRank,NoRank,animAnyClass|IsPointer,NormMov|IsPointer,NormRainMov|IsPointer,NormSnowMov|IsPointer,NormAvoBon|IsPointer,NormDefBon|IsPointer,NormResBon|IsPointer,0x0810
JessieID,NSlashAText,NSlashAText,0xF9,0x0,JessieSMS,0x00,1,0xF9,20,0,0,0,0,0,25,TrainerMov,0,0,0,0,0,0,25,3,0,0,0,0,0,0,20,0,0,0,0,0,0,0x00,0x00,0x00,0x00,NoRank,NoRank,NoRank,NoRank,NoRank,NoRank,NoRank,NoRank,animAnyClass|IsPointer,NormMov|IsPointer,NormRainMov|IsPointer,NormSnowMov|IsPointer,NormAvoBon|IsPointer,NormDefBon|IsPointer,NormResBon|IsPointer,0x0810
JamesID,NSlashAText,NSlashAText,0xFA,0x0,JamesSMS,0x00,1,0xFA,20,0,0,0,0,0,25,TrainerMov,0,0,0,0,0,0,25,3,0,0,0,0,0,0,20,0,0,0,0,0,0,0x00,0x00,0x00,0x00,NoRank,NoRank,NoRank,NoRank,NoRank,NoRank,NoRank,NoRank,animAnyClass|IsPointer,NormMov|IsPointer,NormRainMov|IsPointer,NormSnowMov|IsPointer,NormAvoBon|IsPointer,NormDefBon|IsPointer,NormResBon|IsPointer,0x0810
JennyID,NSlashAText,NSlashAText,0xFB,0x0,JennySMS,0x00,1,0xFB,20,0,0,0,0,0,25,TrainerMov,0,0,0,0,0,0,25,3,0,0,0,0,0,0,20,0,0,0,0,0,0,0x00,0x00,0x00,0x00,NoRank,NoRank,NoRank,NoRank,NoRank,NoRank,NoRank,NoRank,animAnyClass|IsPointer,NormMov|IsPointer,NormRainMov|IsPointer,NormSnowMov|IsPointer,NormAvoBon|IsPointer,NormDefBon|IsPointer,NormResBon|IsPointer,0x0810
JoyID,NSlashAText,NSlashAText,0xFC,0x0,JoySMS,0x00,1,0xFC,20,0,0,0,0,0,25,TrainerMov,0,0,0,0,0,0,25,3,0,0,0,0,0,0,20,0,0,0,0,0,0,0x00,0x00,0x00,0x00,NoRank,NoRank,NoRank,NoRank,NoRank,NoRank,NoRank,NoRank,animAnyClass|IsPointer,NormMov|IsPointer,NormRainMov|IsPointer,NormSnowMov|IsPointer,NormAvoBon|IsPointer,NormDefBon|IsPointer,NormResBon|IsPointer,0x0810
Unused79ID,NSlashAText,NSlashAText,0xFD,0x0,BlankSMS,0x00,1,0xFD,20,0,0,0,0,0,25,TrainerMov,0,0,0,0,0,0,25,3,0,0,0,0,0,0,20,0,0,0,0,0,0,0x00,0x00,0x00,0x00,NoRank,NoRank,NoRank,NoRank,NoRank,NoRank,NoRank,NoRank,animAnyClass|IsPointer,NormMov|IsPointer,NormRainMov|IsPointer,NormSnowMov|IsPointer,NormAvoBon|IsPointer,NormDefBon|IsPointer,NormResBon|IsPointer,0x0810
SnagID,NSlashAText,NSlashAText,0xFE,0x0,Unused80SMS,0x00,1,0xFE,20,0,0,0,0,0,0,0,0,0,0,0,0,0,25,3,0,0,0,0,0,0,20,0,0,0,0,0,0,0x00,0x00,0x00,0x00,NoRank,NoRank,NoRank,NoRank,NoRank,NoRank,NoRank,NoRank,animAnyClass|IsPointer,NormMov|IsPointer,NormRainMov|IsPointer,NormSnowMov|IsPointer,NormAvoBon|IsPointer,NormDefBon|IsPointer,NormResBon|IsPointer,0x800
